ID,TARGET
0,27
1,50
2,63
3,16
4,70
5,23
6,23
7,5
8,69
9,72
10,64
11,53
12,70
13,73
14,20
15,2
16,34
17,37
18,71
19,10
20,37
21,52
22,21
23,72
24,89
25,28
26,40
27,22
28,72
29,73
30,2
31,42
32,44
33,70
34,3
35,48
36,10
37,66
38,35
39,55
40,50
41,95
42,52
43,29
44,71
45,62
46,37
47,7
48,92
49,76
50,80
51,79
52,49
53,2
54,28
55,76
56,73
57,77
58,70
59,99
60,64
61,34
62,93
63,3
64,99
65,91
66,36
67,55
68,84
69,31
70,52
71,89
72,58
73,8
74,10
75,44
76,7
77,1
78,35
79,93
80,80
81,21
82,41
83,22
84,84
85,34
86,32
87,92
88,60
89,35
90,14
91,91
92,95
93,23
94,5
95,65
96,3
97,39
98,76
99,90
100,88
101,50
102,29
103,35
104,67
105,41
106,15
107,27
108,57
109,55
110,50
111,39
112,50
113,13
114,62
115,13
116,62
117,76
118,98
119,38
120,97
121,94
122,40
123,40
124,46
125,95
126,1
127,80
128,62
129,39
130,39
131,62
132,40
133,91
134,84
135,35
136,52
137,43
138,3
139,0
140,18
141,97
142,45
143,72
144,4
145,54
146,10
147,17
148,38
149,78
150,23
151,85
152,9
153,8
154,21
155,3
156,36
157,86
158,76
159,3
160,74
161,66
162,80
163,20
164,66
165,39
166,41
167,52
168,47
169,69
170,99
171,23
172,36
173,33
174,88
175,7
176,14
177,95
178,54
179,71
180,48
181,26
182,35
183,91
184,32
185,89
186,10
187,76
188,26
189,42
190,96
191,77
192,35
193,61
194,64
195,26
196,96
197,21
198,21
199,8
200,49
201,20
202,55
203,31
204,74
205,77
206,84
207,40
208,65
209,94
210,75
211,3
212,86
213,53
214,21
215,64
216,12
217,74
218,68
219,0
220,89
221,60
222,26
223,15
224,66
225,54
226,61
227,95
228,58
229,50
230,4
231,44
232,40
233,6
234,26
235,83
236,79
237,3
238,3
239,12
240,10
241,73
242,62
243,62
244,59
245,99
246,60
247,25
248,62
249,72
250,69
251,36
252,97
253,55
254,32
255,20
256,88
257,96
258,86
259,40
260,65
261,68
262,48
263,66
264,57
265,13
266,55
267,69
268,2
269,73
270,16
271,71
272,27
273,68
274,99
275,54
276,96
277,60
278,4
279,66
280,18
281,57
282,16
283,24
284,72
285,38
286,72
287,13
288,92
289,23
290,96
291,72
292,56
293,91
294,19
295,50
296,88
297,90
298,64
299,77
300,68
301,20
302,47
303,15
304,55
305,49
306,89
307,69
308,42
309,18
310,71
311,94
312,18
313,5
314,85
315,4
316,65
317,3
318,44
319,45
320,21
321,80
322,31
323,11
324,21
325,2
326,20
327,56
328,5
329,56
330,73
331,69
332,27
333,20
334,70
335,44
336,72
337,55
338,53
339,73
340,8
341,35
342,10
343,27
344,31
345,25
346,99
347,23
348,63
349,40
350,25
351,21
352,36
353,23
354,90
355,56
356,66
357,26
358,38
359,16
360,56
361,31
362,26
363,5
364,27
365,38
366,48
367,38
368,55
369,81
370,28
371,97
372,8
373,52
374,81
375,17
376,98
377,9
378,69
379,31
380,9
381,39
382,56
383,98
384,28
385,84
386,36
387,97
388,13
389,80
390,17
391,55
392,44
393,62
394,55
395,57
396,21
397,35
398,45
399,23
400,8
401,21
402,26
403,64
404,93
405,69
406,73
407,59
408,46
409,25
410,3
411,0
412,36
413,62
414,37
415,80
416,3
417,68
418,45
419,68
420,33
421,88
422,15
423,49
424,10
425,68
426,2
427,66
428,42
429,43
430,58
431,18
432,21
433,52
434,60
435,48
436,72
437,69
438,3
439,63
440,26
441,9
442,57
443,72
444,12
445,3
446,9
447,52
448,1
449,23
450,25
451,52
452,2
453,97
454,61
455,97
456,65
457,73
458,31
459,57
460,76
461,26
462,73
463,80
464,94
465,15
466,96
467,31
468,84
469,19
470,37
471,44
472,52
473,84
474,41
475,60
476,64
477,8
478,19
479,95
480,73
481,14
482,97
483,71
484,15
485,23
486,95
487,79
488,17
489,91
490,51
491,2
492,10
493,3
494,53
495,41
496,17
497,94
498,15
499,91
500,54
501,8
502,35
503,58
504,69
505,56
506,95
507,88
508,3
509,50
510,79
511,73
512,86
513,54
514,27
515,40
516,14
517,77
518,41
519,25
520,62
521,0
522,90
523,6
524,97
525,93
526,70
527,64
528,64
529,38
530,85
531,71
532,76
533,45
534,14
535,80
536,81
537,53
538,39
539,45
540,89
541,54
542,94
543,61
544,99
545,92
546,57
547,60
548,58
549,51
550,41
551,58
552,35
553,89
554,35
555,3
556,83
557,3
558,3
559,25
560,72
561,41
562,35
563,24
564,20
565,62
566,76
567,38
568,23
569,51
570,81
571,29
572,26
573,73
574,26
575,28
576,38
577,13
578,93
579,40
580,97
581,77
582,32
583,84
584,42
585,20
586,66
587,73
588,13
589,81
590,62
591,61
592,85
593,58
594,62
595,6
596,17
597,59
598,93
599,35
600,33
601,16
602,52
603,1
604,78
605,27
606,60
607,41
608,22
609,26
610,85
611,34
612,38
613,9
614,29
615,83
616,99
617,8
618,62
619,87
620,53
621,16
622,20
623,68
624,69
625,59
626,87
627,28
628,85
629,18
630,72
631,79
632,51
633,40
634,26
635,76
636,44
637,42
638,65
639,35
640,41
641,42
642,86
643,15
644,52
645,92
646,90
647,86
648,35
649,40
650,48
651,44
652,95
653,50
654,87
655,40
656,42
657,35
658,77
659,76
660,38
661,62
662,35
663,29
664,61
665,64
666,98
667,54
668,81
669,71
670,21
671,9
672,99
673,35
674,39
675,22
676,21
677,3
678,39
679,75
680,52
681,59
682,16
683,63
684,96
685,56
686,22
687,12
688,99
689,25
690,2
691,71
692,59
693,60
694,51
695,13
696,13
697,12
698,14
699,67
700,80
701,57
702,85
703,12
704,18
705,51
706,37
707,26
708,43
709,40
710,1
711,91
712,44
713,24
714,71
715,81
716,98
717,18
718,88
719,13
720,64
721,41
722,57
723,9
724,85
725,56
726,64
727,38
728,23
729,58
730,79
731,31
732,61
733,36
734,69
735,40
736,16
737,91
738,26
739,97
740,96
741,17
742,77
743,94
744,69
745,16
746,8
747,62
748,9
749,35
750,35
751,52
752,80
753,69
754,47
755,64
756,76
757,8
758,59
759,76
760,57
761,91
762,94
763,46
764,53
765,48
766,37
767,0
768,62
769,76
770,65
771,73
772,17
773,48
774,14
775,7
776,8
777,53
778,91
779,60
780,97
781,33
782,54
783,89
784,62
785,62
786,27
787,57
788,94
789,39
790,13
791,18
792,42
793,48
794,71
795,35
796,28
797,4
798,92
799,8
800,16
801,42
802,92
803,32
804,17
805,73
806,42
807,45
808,37
809,23
810,15
811,39
812,51
813,41
814,58
815,10
816,12
817,52
818,87
819,53
820,55
821,52
822,68
823,25
824,73
825,31
826,6
827,57
828,38
829,48
830,49
831,63
832,58
833,60
834,64
835,61
836,87
837,85
838,12
839,88
840,49
841,36
842,66
843,53
844,22
845,14
846,64
847,45
848,2
849,73
850,49
851,18
852,14
853,72
854,23
855,13
856,73
857,87
858,92
859,40
860,20
861,9
862,32
863,62
864,35
865,61
866,11
867,85
868,88
869,52
870,32
871,35
872,52
873,58
874,38
875,35
876,84
877,95
878,4
879,17
880,40
881,1
882,24
883,35
884,29
885,45
886,69
887,92
888,32
889,9
890,53
891,71
892,38
893,39
894,15
895,61
896,57
897,66
898,50
899,77
900,74
901,85
902,13
903,1
904,62
905,1
906,0
907,76
908,5
909,21
910,54
911,20
912,84
913,68
914,59
915,3
916,45
917,97
918,31
919,10
920,89
921,14
922,74
923,50
924,77
925,54
926,77
927,93
928,21
929,63
930,3
931,83
932,58
933,86
934,21
935,21
936,43
937,26
938,55
939,85
940,62
941,44
942,54
943,99
944,15
945,15
946,18
947,18
948,2
949,25
950,83
951,51
952,77
953,8
954,26
955,65
956,38
957,85
958,32
959,48
960,95
961,3
962,10
963,9
964,38
965,4
966,32
967,15
968,15
969,28
970,62
971,91
972,69
973,90
974,33
975,68
976,73
977,47
978,93
979,45
980,52
981,2
982,87
983,2
984,71
985,43
986,37
987,81
988,59
989,4
990,18
991,23
992,41
993,99
994,88
995,54
996,43
997,55
998,27
999,51
1000,74
1001,72
1002,73
1003,76
1004,58
1005,0
1006,48
1007,74
1008,36
1009,25
1010,42
1011,37
1012,79
1013,94
1014,73
1015,45
1016,81
1017,36
1018,94
1019,60
1020,96
1021,50
1022,76
1023,77
1024,5
1025,52
1026,27
1027,97
1028,35
1029,63
1030,71
1031,69
1032,22
1033,57
1034,61
1035,86
1036,57
1037,29
1038,80
1039,5
1040,85
1041,40
1042,5
1043,84
1044,0
1045,52
1046,91
1047,55
1048,3
1049,19
1050,1
1051,73
1052,33
1053,38
1054,10
1055,28
1056,5
1057,78
1058,32
1059,96
1060,77
1061,92
1062,54
1063,32
1064,81
1065,58
1066,39
1067,67
1068,40
1069,44
1070,45
1071,15
1072,70
1073,81
1074,3
1075,57
1076,40
1077,69
1078,25
1079,88
1080,29
1081,72
1082,51
1083,66
1084,28
1085,25
1086,97
1087,65
1088,35
1089,88
1090,33
1091,35
1092,9
1093,73
1094,79
1095,35
1096,33
1097,7
1098,84
1099,81
1100,53
1101,65
1102,97
1103,85
1104,51
1105,45
1106,46
1107,88
1108,1
1109,14
1110,45
1111,43
1112,26
1113,80
1114,53
1115,3
1116,45
1117,15
1118,33
1119,89
1120,73
1121,73
1122,40
1123,37
1124,69
1125,54
1126,18
1127,96
1128,86
1129,68
1130,91
1131,27
1132,80
1133,37
1134,55
1135,96
1136,39
1137,65
1138,0
1139,14
1140,7
1141,21
1142,32
1143,19
1144,97
1145,84
1146,47
1147,32
1148,38
1149,27
1150,56
1151,50
1152,80
1153,55
1154,72
1155,49
1156,26
1157,75
1158,29
1159,81
1160,51
1161,29
1162,71
1163,9
1164,2
1165,93
1166,10
1167,80
1168,61
1169,9
1170,71
1171,65
1172,73
1173,51
1174,84
1175,31
1176,44
1177,24
1178,45
1179,27
1180,72
1181,69
1182,21
1183,15
1184,17
1185,7
1186,92
1187,75
1188,99
1189,42
1190,56
1191,44
1192,35
1193,81
1194,15
1195,58
1196,86
1197,95
1198,49
1199,99
1200,64
1201,87
1202,22
1203,56
1204,14
1205,57
1206,5
1207,43
1208,93
1209,14
1210,27
1211,17
1212,38
1213,63
1214,42
1215,6
1216,27
1217,38
1218,27
1219,46
1220,44
1221,90
1222,84
1223,88
1224,5
1225,43
1226,18
1227,79
1228,15
1229,4
1230,97
1231,90
1232,51
1233,4
1234,40
1235,20
1236,18
1237,73
1238,70
1239,8
1240,28
1241,53
1242,76
1243,13
1244,71
1245,42
1246,17
1247,94
1248,54
1249,96
1250,66
1251,36
1252,80
1253,97
1254,51
1255,40
1256,53
1257,24
1258,54
1259,86
1260,72
1261,44
1262,15
1263,57
1264,60
1265,9
1266,35
1267,38
1268,89
1269,57
1270,65
1271,62
1272,98
1273,18
1274,55
1275,27
1276,40
1277,38
1278,89
1279,58
1280,39
1281,53
1282,68
1283,76
1284,37
1285,86
1286,44
1287,23
1288,69
1289,95
1290,13
1291,4
1292,94
1293,25
1294,0
1295,6
1296,18
1297,10
1298,44
1299,79
1300,24
1301,8
1302,10
1303,38
1304,49
1305,60
1306,50
1307,5
1308,16
1309,49
1310,98
1311,92
1312,70
1313,53
1314,48
1315,90
1316,7
1317,86
1318,96
1319,7
1320,52
1321,97
1322,5
1323,99
1324,40
1325,72
1326,76
1327,32
1328,61
1329,40
1330,47
1331,68
1332,44
1333,9
1334,72
1335,3
1336,22
1337,25
1338,40
1339,9
1340,61
1341,35
1342,86
1343,57
1344,24
1345,11
1346,87
1347,25
1348,31
1349,16
1350,60
1351,83
1352,43
1353,21
1354,59
1355,48
1356,94
1357,8
1358,18
1359,50
1360,47
1361,3
1362,57
1363,1
1364,12
1365,87
1366,38
1367,50
1368,62
1369,65
1370,7
1371,40
1372,62
1373,25
1374,0
1375,3
1376,49
1377,84
1378,51
1379,35
1380,87
1381,32
1382,7
1383,31
1384,95
1385,95
1386,92
1387,79
1388,0
1389,60
1390,29
1391,44
1392,51
1393,29
1394,38
1395,73
1396,35
1397,61
1398,75
1399,69
1400,0
1401,73
1402,71
1403,32
1404,48
1405,45
1406,75
1407,85
1408,5
1409,70
1410,50
1411,48
1412,69
1413,17
1414,42
1415,27
1416,53
1417,55
1418,10
1419,86
1420,43
1421,97
1422,27
1423,57
1424,80
1425,92
1426,77
1427,53
1428,98
1429,16
1430,58
1431,90
1432,95
1433,42
1434,94
1435,16
1436,53
1437,21
1438,73
1439,63
1440,1
1441,92
1442,24
1443,80
1444,8
1445,35
1446,91
1447,97
1448,31
1449,3
1450,1
1451,3
1452,63
1453,94
1454,18
1455,59
1456,23
1457,50
1458,44
1459,65
1460,97
1461,22
1462,91
1463,40
1464,85
1465,60
1466,0
1467,71
1468,63
1469,50
1470,53
1471,14
1472,22
1473,50
1474,89
1475,71
1476,43
1477,38
1478,68
1479,68
1480,62
1481,94
1482,17
1483,48
1484,36
1485,32
1486,5
1487,85
1488,81
1489,16
1490,91
1491,66
1492,93
1493,59
1494,54
1495,81
1496,96
1497,92
1498,53
1499,9
1500,60
1501,10
1502,28
1503,49
1504,62
1505,32
1506,59
1507,79
1508,53
1509,48
1510,73
1511,14
1512,16
1513,8
1514,5
1515,13
1516,91
1517,76
1518,65
1519,78
1520,61
1521,87
1522,9
1523,67
1524,42
1525,8
1526,16
1527,84
1528,25
1529,56
1530,50
1531,77
1532,14
1533,63
1534,64
1535,35
1536,41
1537,59
1538,20
1539,29
1540,27
1541,32
1542,65
1543,77
1544,84
1545,51
1546,41
1547,25
1548,36
1549,17
1550,37
1551,73
1552,54
1553,44
1554,96
1555,0
1556,32
1557,17
1558,18
1559,61
1560,24
1561,76
1562,32
1563,6
1564,38
1565,49
1566,66
1567,40
1568,60
1569,63
1570,92
1571,86
1572,92
1573,87
1574,13
1575,91
1576,16
1577,57
1578,27
1579,12
1580,65
1581,64
1582,71
1583,77
1584,41
1585,50
1586,39
1587,65
1588,86
1589,33
1590,7
1591,27
1592,44
1593,57
1594,67
1595,38
1596,41
1597,64
1598,78
1599,9
1600,42
1601,68
1602,55
1603,28
1604,20
1605,6
1606,72
1607,27
1608,73
1609,58
1610,24
1611,44
1612,5
1613,75
1614,73
1615,59
1616,33
1617,52
1618,5
1619,71
1620,90
1621,40
1622,35
1623,52
1624,37
1625,72
1626,84
1627,70
1628,19
1629,17
1630,57
1631,69
1632,94
1633,99
1634,74
1635,94
1636,81
1637,71
1638,12
1639,52
1640,89
1641,40
1642,60
1643,65
1644,62
1645,64
1646,53
1647,16
1648,35
1649,10
1650,51
1651,28
1652,73
1653,57
1654,28
1655,40
1656,17
1657,96
1658,37
1659,75
1660,41
1661,4
1662,93
1663,38
1664,27
1665,41
1666,85
1667,40
1668,39
1669,58
1670,96
1671,73
1672,76
1673,49
1674,74
1675,12
1676,91
1677,16
1678,21
1679,48
1680,61
1681,53
1682,17
1683,43
1684,90
1685,93
1686,55
1687,80
1688,44
1689,31
1690,42
1691,37
1692,77
1693,44
1694,52
1695,43
1696,42
1697,89
1698,49
1699,71
1700,42
1701,9
1702,96
1703,62
1704,62
1705,35
1706,6
1707,36
1708,1
1709,58
1710,60
1711,48
1712,37
1713,92
1714,56
1715,28
1716,93
1717,20
1718,48
1719,57
1720,37
1721,62
1722,73
1723,45
1724,44
1725,27
1726,23
1727,18
1728,9
1729,28
1730,40
1731,32
1732,12
1733,35
1734,63
1735,72
1736,6
1737,27
1738,13
1739,18
1740,9
1741,86
1742,84
1743,47
1744,61
1745,94
1746,20
1747,3
1748,3
1749,66
1750,94
1751,8
1752,7
1753,73
1754,79
1755,73
1756,3
1757,38
1758,32
1759,88
1760,35
1761,53
1762,53
1763,52
1764,91
1765,0
1766,19
1767,32
1768,14
1769,39
1770,89
1771,75
1772,59
1773,38
1774,67
1775,26
1776,87
1777,61
1778,21
1779,64
1780,3
1781,10
1782,69
1783,38
1784,50
1785,96
1786,91
1787,84
1788,71
1789,48
1790,12
1791,88
1792,44
1793,71
1794,74
1795,0
1796,49
1797,53
1798,35
1799,6
1800,21
1801,71
1802,29
1803,25
1804,99
1805,55
1806,29
1807,40
1808,59
1809,53
1810,62
1811,21
1812,45
1813,59
1814,69
1815,47
1816,37
1817,73
1818,35
1819,40
1820,94
1821,88
1822,37
1823,12
1824,84
1825,75
1826,15
1827,97
1828,58
1829,58
1830,80
1831,87
1832,39
1833,3
1834,33
1835,48
1836,71
1837,53
1838,28
1839,26
1840,71
1841,54
1842,58
1843,49
1844,29
1845,2
1846,28
1847,18
1848,8
1849,91
1850,97
1851,20
1852,80
1853,25
1854,17
1855,49
1856,69
1857,10
1858,35
1859,88
1860,53
1861,26
1862,32
1863,59
1864,15
1865,14
1866,66
1867,43
1868,63
1869,22
1870,77
1871,49
1872,70
1873,73
1874,61
1875,13
1876,80
1877,26
1878,14
1879,55
1880,54
1881,14
1882,5
1883,79
1884,4
1885,56
1886,55
1887,92
1888,29
1889,36
1890,78
1891,15
1892,12
1893,53
1894,89
1895,14
1896,56
1897,13
1898,93
1899,52
1900,1
1901,81
1902,16
1903,44
1904,88
1905,0
1906,61
1907,27
1908,26
1909,35
1910,45
1911,9
1912,49
1913,84
1914,54
1915,69
1916,51
1917,0
1918,94
1919,6
1920,93
1921,35
1922,63
1923,99
1924,26
1925,7
1926,75
1927,60
1928,56
1929,96
1930,4
1931,60
1932,52
1933,2
1934,40
1935,45
1936,26
1937,95
1938,92
1939,35
1940,16
1941,3
1942,93
1943,44
1944,94
1945,79
1946,53
1947,62
1948,51
1949,49
1950,18
1951,62
1952,45
1953,25
1954,28
1955,74
1956,5
1957,37
1958,64
1959,96
1960,6
1961,86
1962,40
1963,2
1964,70
1965,87
1966,19
1967,61
1968,60
1969,18
1970,73
1971,45
1972,85
1973,35
1974,11
1975,73
1976,3
1977,13
1978,32
1979,88
1980,26
1981,56
1982,35
1983,18
1984,0
1985,52
1986,57
1987,13
1988,81
1989,72
1990,85
1991,96
1992,42
1993,35
1994,0
1995,27
1996,87
1997,86
1998,62
1999,73
2000,71
2001,96
2002,71
2003,64
2004,23
2005,23
2006,73
2007,92
2008,3
2009,71
2010,43
2011,28
2012,52
2013,16
2014,38
2015,29
2016,29
2017,61
2018,80
2019,24
2020,33
2021,63
2022,49
2023,13
2024,62
2025,62
2026,62
2027,28
2028,34
2029,95
2030,36
2031,43
2032,80
2033,14
2034,53
2035,45
2036,2
2037,24
2038,26
2039,21
2040,38
2041,80
2042,8
2043,66
2044,27
2045,24
2046,20
2047,95
2048,90
2049,36
2050,68
2051,16
2052,38
2053,89
2054,25
2055,15
2056,53
2057,26
2058,58
2059,9
2060,97
2061,88
2062,1
2063,49
2064,52
2065,78
2066,87
2067,41
2068,35
2069,94
2070,26
2071,92
2072,50
2073,34
2074,44
2075,50
2076,16
2077,89
2078,35
2079,41
2080,16
2081,54
2082,94
2083,8
2084,10
2085,54
2086,94
2087,80
2088,50
2089,29
2090,64
2091,59
2092,32
2093,27
2094,88
2095,73
2096,75
2097,2
2098,77
2099,64
2100,45
2101,13
2102,23
2103,27
2104,26
2105,57
2106,28
2107,52
2108,21
2109,0
2110,81
2111,66
2112,18
2113,62
2114,3
2115,14
2116,3
2117,64
2118,10
2119,73
2120,43
2121,58
2122,47
2123,80
2124,10
2125,49
2126,74
2127,35
2128,93
2129,62
2130,2
2131,52
2132,69
2133,77
2134,36
2135,84
2136,73
2137,57
2138,50
2139,45
2140,40
2141,64
2142,13
2143,87
2144,44
2145,96
2146,94
2147,57
2148,61
2149,52
2150,9
2151,17
2152,86
2153,25
2154,22
2155,34
2156,42
2157,79
2158,57
2159,73
2160,32
2161,45
2162,73
2163,53
2164,58
2165,93
2166,64
2167,71
2168,89
2169,53
2170,32
2171,14
2172,73
2173,93
2174,26
2175,15
2176,10
2177,59
2178,18
2179,96
2180,40
2181,38
2182,92
2183,60
2184,33
2185,85
2186,37
2187,12
2188,2
2189,76
2190,21
2191,52
2192,80
2193,3
2194,32
2195,92
2196,62
2197,37
2198,12
2199,15
2200,94
2201,0
2202,14
2203,95
2204,21
2205,12
2206,79
2207,39
2208,15
2209,83
2210,53
2211,51
2212,98
2213,77
2214,58
2215,28
2216,48
2217,96
2218,32
2219,26
2220,80
2221,42
2222,77
2223,0
2224,11
2225,85
2226,48
2227,27
2228,72
2229,16
2230,68
2231,71
2232,39
2233,18
2234,28
2235,73
2236,45
2237,32
2238,35
2239,73
2240,81
2241,58
2242,32
2243,48
2244,90
2245,98
2246,99
2247,99
2248,27
2249,76
2250,10
2251,25
2252,21
2253,2
2254,56
2255,14
2256,2
2257,31
2258,31
2259,85
2260,18
2261,71
2262,80
2263,50
2264,69
2265,97
2266,31
2267,86
2268,10
2269,65
2270,22
2271,43
2272,37
2273,93
2274,6
2275,12
2276,53
2277,91
2278,77
2279,99
2280,69
2281,13
2282,53
2283,6
2284,63
2285,1
2286,81
2287,23
2288,50
2289,1
2290,62
2291,19
2292,18
2293,26
2294,5
2295,8
2296,32
2297,54
2298,9
2299,24
2300,16
2301,95
2302,42
2303,12
2304,77
2305,29
2306,18
2307,26
2308,13
2309,20
2310,20
2311,52
2312,44
2313,97
2314,61
2315,62
2316,22
2317,41
2318,4
2319,51
2320,53
2321,42
2322,42
2323,58
2324,15
2325,77
2326,99
2327,96
2328,6
2329,52
2330,93
2331,64
2332,24
2333,91
2334,90
2335,86
2336,32
2337,55
2338,55
2339,95
2340,83
2341,85
2342,64
2343,21
2344,32
2345,49
2346,24
2347,77
2348,2
2349,51
2350,79
2351,3
2352,45
2353,38
2354,24
2355,65
2356,40
2357,75
2358,16
2359,48
2360,87
2361,95
2362,16
2363,34
2364,52
2365,71
2366,67
2367,53
2368,98
2369,57
2370,69
2371,40
2372,34
2373,45
2374,96
2375,77
2376,78
2377,68
2378,29
2379,15
2380,40
2381,7
2382,99
2383,24
2384,88
2385,16
2386,83
2387,51
2388,40
2389,89
2390,96
2391,90
2392,69
2393,26
2394,77
2395,96
2396,12
2397,41
2398,35
2399,88
2400,70
2401,12
2402,86
2403,42
2404,78
2405,89
2406,41
2407,14
2408,75
2409,16
2410,64
2411,89
2412,56
2413,64
2414,52
2415,5
2416,27
2417,73
2418,38
2419,27
2420,80
2421,45
2422,73
2423,75
2424,38
2425,40
2426,95
2427,88
2428,88
2429,27
2430,19
2431,67
2432,32
2433,94
2434,18
2435,31
2436,65
2437,47
2438,47
2439,9
2440,53
2441,77
2442,66
2443,1
2444,11
2445,51
2446,55
2447,18
2448,95
2449,74
2450,85
2451,13
2452,7
2453,14
2454,87
2455,50
2456,40
2457,85
2458,65
2459,13
2460,68
2461,68
2462,0
2463,62
2464,81
2465,73
2466,0
2467,23
2468,73
2469,2
2470,28
2471,33
2472,84
2473,96
2474,69
2475,1
2476,44
2477,39
2478,23
2479,32
2480,25
2481,33
2482,73
2483,73
2484,39
2485,22
2486,49
2487,35
2488,58
2489,88
2490,57
2491,21
2492,79
2493,10
2494,41
2495,88
2496,79
2497,54
2498,8
2499,71
2500,24
2501,45
2502,96
2503,47
2504,87
2505,45
2506,50
2507,52
2508,57
2509,55
2510,92
2511,19
2512,16
2513,96
2514,94
2515,53
2516,73
2517,43
2518,53
2519,14
2520,93
2521,44
2522,61
2523,55
2524,52
2525,64
2526,52
2527,6
2528,54
2529,55
2530,26
2531,39
2532,24
2533,18
2534,83
2535,65
2536,88
2537,51
2538,32
2539,79
2540,43
2541,25
2542,74
2543,44
2544,6
2545,3
2546,73
2547,64
2548,12
2549,97
2550,61
2551,56
2552,14
2553,93
2554,29
2555,8
2556,54
2557,1
2558,70
2559,23
2560,13
2561,4
2562,65
2563,3
2564,3
2565,37
2566,39
2567,59
2568,55
2569,51
2570,52
2571,13
2572,27
2573,92
2574,29
2575,71
2576,32
2577,41
2578,66
2579,81
2580,7
2581,68
2582,45
2583,51
2584,77
2585,8
2586,86
2587,35
2588,59
2589,45
2590,74
2591,25
2592,79
2593,25
2594,0
2595,71
2596,87
2597,58
2598,71
2599,28
2600,2
2601,98
2602,56
2603,32
2604,95
2605,72
2606,65
2607,14
2608,71
2609,13
2610,68
2611,88
2612,61
2613,35
2614,27
2615,61
2616,29
2617,27
2618,49
2619,49
2620,73
2621,36
2622,54
2623,91
2624,7
2625,65
2626,48
2627,18
2628,39
2629,75
2630,95
2631,73
2632,76
2633,35
2634,35
2635,38
2636,7
2637,96
2638,8
2639,79
2640,38
2641,78
2642,69
2643,33
2644,35
2645,44
2646,0
2647,99
2648,5
2649,59
2650,73
2651,73
2652,73
2653,94
2654,48
2655,36
2656,94
2657,0
2658,95
2659,37
2660,75
2661,35
2662,97
2663,62
2664,4
2665,54
2666,69
2667,67
2668,18
2669,96
2670,67
2671,52
2672,2
2673,68
2674,59
2675,44
2676,56
2677,29
2678,56
2679,28
2680,50
2681,16
2682,37
2683,18
2684,84
2685,97
2686,92
2687,50
2688,61
2689,87
2690,45
2691,89
2692,38
2693,28
2694,0
2695,95
2696,31
2697,28
2698,59
2699,52
2700,3
2701,92
2702,52
2703,62
2704,60
2705,53
2706,75
2707,21
2708,73
2709,44
2710,18
2711,0
2712,52
2713,35
2714,87
2715,54
2716,72
2717,88
2718,54
2719,62
2720,69
2721,13
2722,54
2723,35
2724,47
2725,36
2726,32
2727,52
2728,9
2729,90
2730,49
2731,55
2732,27
2733,72
2734,20
2735,97
2736,76
2737,85
2738,21
2739,41
2740,37
2741,99
2742,8
2743,40
2744,48
2745,32
2746,23
2747,86
2748,50
2749,55
2750,23
2751,76
2752,50
2753,54
2754,4
2755,10
2756,32
2757,12
2758,12
2759,45
2760,66
2761,76
2762,16
2763,58
2764,10
2765,31
2766,18
2767,7
2768,10
2769,40
2770,50
2771,58
2772,65
2773,10
2774,21
2775,7
2776,10
2777,36
2778,55
2779,61
2780,51
2781,96
2782,53
2783,69
2784,44
2785,97
2786,58
2787,81
2788,96
2789,19
2790,71
2791,71
2792,34
2793,85
2794,73
2795,38
2796,72
2797,93
2798,97
2799,64
2800,88
2801,87
2802,97
2803,84
2804,24
2805,96
2806,27
2807,72
2808,77
2809,90
2810,50
2811,53
2812,35
2813,41
2814,15
2815,56
2816,59
2817,95
2818,56
2819,85
2820,61
2821,5
2822,18
2823,52
2824,61
2825,87
2826,29
2827,76
2828,62
2829,41
2830,2
2831,5
2832,50
2833,51
2834,51
2835,40
2836,48
2837,46
2838,21
2839,25
2840,42
2841,50
2842,25
2843,41
2844,39
2845,48
2846,95
2847,45
2848,99
2849,0
2850,61
2851,54
2852,21
2853,99
2854,92
2855,70
2856,95
2857,43
2858,49
2859,92
2860,42
2861,68
2862,62
2863,73
2864,5
2865,3
2866,32
2867,68
2868,62
2869,27
2870,94
2871,17
2872,69
2873,16
2874,62
2875,35
2876,26
2877,40
2878,96
2879,57
2880,52
2881,55
2882,45
2883,90
2884,35
2885,72
2886,72
2887,73
2888,21
2889,47
2890,21
2891,29
2892,35
2893,22
2894,78
2895,79
2896,32
2897,31
2898,70
2899,44
2900,97
2901,67
2902,99
2903,26
2904,70
2905,18
2906,60
2907,41
2908,10
2909,81
2910,13
2911,56
2912,45
2913,73
2914,50
2915,89
2916,81
2917,96
2918,91
2919,48
2920,85
2921,77
2922,74
2923,81
2924,52
2925,32
2926,73
2927,64
2928,1
2929,57
2930,2
2931,96
2932,4
2933,28
2934,54
2935,86
2936,81
2937,58
2938,73
2939,43
2940,32
2941,37
2942,77
2943,68
2944,90
2945,13
2946,42
2947,0
2948,86
2949,44
2950,96
2951,37
2952,14
2953,53
2954,88
2955,42
2956,47
2957,88
2958,16
2959,49
2960,23
2961,70
2962,45
2963,38
2964,60
2965,73
2966,49
2967,50
2968,42
2969,83
2970,31
2971,35
2972,91
2973,59
2974,38
2975,8
2976,21
2977,31
2978,32
2979,60
2980,10
2981,50
2982,35
2983,75
2984,21
2985,65
2986,18
2987,59
2988,61
2989,3
2990,86
2991,64
2992,90
2993,50
2994,27
2995,59
2996,55
2997,53
2998,16
2999,97
3000,17
3001,17
3002,45
3003,85
3004,61
3005,83
3006,35
3007,62
3008,18
3009,57
3010,38
3011,44
3012,48
3013,21
3014,50
3015,57
3016,12
3017,21
3018,24
3019,98
3020,53
3021,33
3022,40
3023,75
3024,32
3025,24
3026,48
3027,68
3028,63
3029,45
3030,48
3031,27
3032,76
3033,70
3034,6
3035,44
3036,8
3037,31
3038,62
3039,29
3040,97
3041,55
3042,71
3043,18
3044,19
3045,93
3046,91
3047,5
3048,14
3049,70
3050,97
3051,94
3052,73
3053,17
3054,36
3055,87
3056,71
3057,62
3058,45
3059,99
3060,88
3061,19
3062,54
3063,94
3064,40
3065,99
3066,1
3067,55
3068,0
3069,72
3070,17
3071,23
3072,26
3073,16
3074,26
3075,37
3076,52
3077,86
3078,61
3079,73
3080,54
3081,18
3082,84
3083,81
3084,46
3085,21
3086,41
3087,10
3088,94
3089,15
3090,92
3091,44
3092,25
3093,25
3094,38
3095,81
3096,56
3097,15
3098,23
3099,23
3100,51
3101,17
3102,68
3103,32
3104,22
3105,76
3106,2
3107,55
3108,10
3109,10
3110,2
3111,38
3112,66
3113,5
3114,57
3115,87
3116,12
3117,35
3118,77
3119,95
3120,95
3121,5
3122,59
3123,25
3124,55
3125,97
3126,3
3127,22
3128,94
3129,39
3130,41
3131,99
3132,31
3133,76
3134,68
3135,14
3136,70
3137,88
3138,96
3139,91
3140,25
3141,39
3142,86
3143,96
3144,43
3145,79
3146,74
3147,98
3148,75
3149,18
3150,5
3151,3
3152,59
3153,81
3154,73
3155,13
3156,92
3157,87
3158,94
3159,80
3160,23
3161,1
3162,76
3163,87
3164,85
3165,86
3166,21
3167,63
3168,71
3169,37
3170,85
3171,79
3172,66
3173,31
3174,8
3175,16
3176,23
3177,85
3178,58
3179,10
3180,80
3181,51
3182,87
3183,42
3184,71
3185,53
3186,19
3187,72
3188,41
3189,14
3190,69
3191,70
3192,47
3193,7
3194,96
3195,60
3196,92
3197,29
3198,90
3199,81
3200,84
3201,78
3202,77
3203,57
3204,35
3205,43
3206,52
3207,34
3208,96
3209,99
3210,16
3211,34
3212,12
3213,19
3214,49
3215,40
3216,38
3217,39
3218,22
3219,31
3220,76
3221,37
3222,52
3223,92
3224,14
3225,40
3226,32
3227,36
3228,21
3229,73
3230,73
3231,60
3232,73
3233,38
3234,37
3235,13
3236,26
3237,84
3238,61
3239,3
3240,64
3241,79
3242,70
3243,49
3244,52
3245,61
3246,24
3247,56
3248,87
3249,70
3250,18
3251,73
3252,26
3253,40
3254,69
3255,20
3256,99
3257,61
3258,5
3259,26
3260,56
3261,25
3262,33
3263,65
3264,16
3265,10
3266,23
3267,89
3268,87
3269,14
3270,42
3271,84
3272,27
3273,92
3274,13
3275,62
3276,32
3277,63
3278,60
3279,58
3280,8
3281,18
3282,51
3283,35
3284,56
3285,44
3286,17
3287,11
3288,45
3289,56
3290,20
3291,4
3292,66
3293,33
3294,40
3295,85
3296,35
3297,4
3298,19
3299,32
3300,50
3301,45
3302,52
3303,49
3304,56
3305,85
3306,92
3307,24
3308,13
3309,62
3310,35
3311,57
3312,31
3313,62
3314,72
3315,64
3316,3
3317,71
3318,93
3319,62
3320,14
3321,72
3322,48
3323,2
3324,4
3325,48
3326,38
3327,83
3328,40
3329,44
3330,95
3331,90
3332,65
3333,72
3334,35
3335,64
3336,52
3337,91
3338,71
3339,73
3340,99
3341,3
3342,36
3343,33
3344,79
3345,32
3346,88
3347,21
3348,40
3349,41
3350,83
3351,74
3352,62
3353,36
3354,93
3355,70
3356,99
3357,76
3358,48
3359,71
3360,61
3361,22
3362,45
3363,16
3364,58
3365,63
3366,17
3367,40
3368,37
3369,45
3370,28
3371,22
3372,60
3373,53
3374,50
3375,81
3376,77
3377,14
3378,74
3379,38
3380,65
3381,90
3382,53
3383,61
3384,73
3385,50
3386,88
3387,12
3388,71
3389,60
3390,48
3391,23
3392,80
3393,21
3394,21
3395,27
3396,42
3397,95
3398,41
3399,94
3400,14
3401,5
3402,70
3403,20
3404,68
3405,65
3406,42
3407,89
3408,45
3409,84
3410,64
3411,4
3412,40
3413,86
3414,25
3415,4
3416,3
3417,64
3418,14
3419,66
3420,49
3421,44
3422,60
3423,5
3424,7
3425,92
3426,76
3427,87
3428,44
3429,3
3430,2
3431,85
3432,41
3433,90
3434,26
3435,61
3436,49
3437,44
3438,48
3439,8
3440,86
3441,27
3442,79
3443,52
3444,62
3445,54
3446,54
3447,88
3448,88
3449,13
3450,45
3451,84
3452,76
3453,19
3454,40
3455,27
3456,27
3457,62
3458,6
3459,62
3460,73
3461,95
3462,24
3463,12
3464,35
3465,35
3466,35
3467,6
3468,41
3469,89
3470,19
3471,65
3472,34
3473,52
3474,42
3475,62
3476,12
3477,55
3478,51
3479,95
3480,52
3481,62
3482,97
3483,88
3484,72
3485,68
3486,62
3487,3
3488,94
3489,83
3490,84
3491,60
3492,5
3493,78
3494,22
3495,43
3496,57
3497,23
3498,65
3499,98
3500,68
3501,77
3502,73
3503,1
3504,61
3505,47
3506,3
3507,15
3508,26
3509,43
3510,15
3511,94
3512,67
3513,27
3514,1
3515,56
3516,35
3517,66
3518,99
3519,64
3520,76
3521,35
3522,66
3523,39
3524,49
3525,20
3526,13
3527,58
3528,15
3529,4
3530,80
3531,20
3532,25
3533,40
3534,29
3535,47
3536,85
3537,45
3538,35
3539,32
3540,22
3541,86
3542,14
3543,64
3544,73
3545,68
3546,19
3547,61
3548,19
3549,66
3550,67
3551,54
3552,97
3553,34
3554,12
3555,14
3556,8
3557,60
3558,99
3559,36
3560,8
3561,48
3562,89
3563,63
3564,62
3565,48
3566,39
3567,33
3568,47
3569,60
3570,51
3571,92
3572,73
3573,32
3574,88
3575,60
3576,60
3577,2
3578,71
3579,58
3580,71
3581,73
3582,79
3583,43
3584,68
3585,36
3586,62
3587,60
3588,90
3589,78
3590,81
3591,53
3592,5
3593,13
3594,16
3595,26
3596,63
3597,61
3598,3
3599,18
3600,70
3601,52
3602,72
3603,29
3604,39
3605,95
3606,91
3607,85
3608,40
3609,29
3610,38
3611,86
3612,10
3613,50
3614,29
3615,61
3616,35
3617,10
3618,4
3619,75
3620,75
3621,13
3622,45
3623,24
3624,89
3625,42
3626,89
3627,47
3628,32
3629,55
3630,55
3631,10
3632,35
3633,92
3634,53
3635,72
3636,51
3637,15
3638,20
3639,68
3640,26
3641,76
3642,89
3643,51
3644,15
3645,17
3646,77
3647,76
3648,49
3649,38
3650,48
3651,55
3652,63
3653,78
3654,10
3655,29
3656,0
3657,74
3658,33
3659,63
3660,5
3661,98
3662,21
3663,41
3664,4
3665,57
3666,68
3667,1
3668,62
3669,58
3670,53
3671,95
3672,17
3673,3
3674,35
3675,56
3676,69
3677,42
3678,65
3679,58
3680,38
3681,16
3682,35
3683,12
3684,12
3685,73
3686,59
3687,99
3688,21
3689,10
3690,14
3691,16
3692,66
3693,76
3694,70
3695,28
3696,76
3697,96
3698,42
3699,9
3700,23
3701,84
3702,56
3703,91
3704,40
3705,65
3706,16
3707,23
3708,79
3709,72
3710,89
3711,27
3712,84
3713,90
3714,62
3715,10
3716,75
3717,26
3718,63
3719,59
3720,59
3721,52
3722,27
3723,35
3724,25
3725,69
3726,83
3727,4
3728,0
3729,27
3730,75
3731,31
3732,73
3733,50
3734,55
3735,19
3736,65
3737,27
3738,79
3739,63
3740,94
3741,32
3742,52
3743,5
3744,65
3745,44
3746,92
3747,55
3748,93
3749,42
3750,3
3751,92
3752,42
3753,14
3754,62
3755,68
3756,1
3757,35
3758,10
3759,74
3760,98
3761,3
3762,15
3763,41
3764,85
3765,44
3766,70
3767,73
3768,27
3769,14
3770,99
3771,73
3772,33
3773,3
3774,29
3775,2
3776,38
3777,88
3778,14
3779,40
3780,4
3781,39
3782,24
3783,71
3784,42
3785,63
3786,24
3787,12
3788,0
3789,87
3790,86
3791,70
3792,3
3793,0
3794,44
3795,61
3796,5
3797,17
3798,97
3799,32
3800,51
3801,50
3802,20
3803,35
3804,3
3805,29
3806,97
3807,41
3808,41
3809,89
3810,84
3811,81
3812,54
3813,22
3814,94
3815,74
3816,33
3817,31
3818,96
3819,0
3820,68
3821,43
3822,50
3823,3
3824,24
3825,58
3826,9
3827,66
3828,47
3829,1
3830,35
3831,49
3832,13
3833,26
3834,64
3835,49
3836,13
3837,67
3838,5
3839,6
3840,40
3841,77
3842,53
3843,32
3844,63
3845,89
3846,95
3847,31
3848,22
3849,91
3850,93
3851,79
3852,36
3853,85
3854,51
3855,59
3856,35
3857,40
3858,8
3859,31
3860,5
3861,92
3862,44
3863,96
3864,65
3865,69
3866,49
3867,12
3868,79
3869,73
3870,1
3871,9
3872,28
3873,69
3874,17
3875,77
3876,93
3877,24
3878,62
3879,56
3880,73
3881,79
3882,63
3883,40
3884,47
3885,89
3886,18
3887,39
3888,86
3889,89
3890,73
3891,9
3892,95
3893,41
3894,57
3895,72
3896,23
3897,73
3898,15
3899,7
3900,69
3901,86
3902,90
3903,96
3904,52
3905,47
3906,27
3907,50
3908,87
3909,49
3910,67
3911,96
3912,65
3913,72
3914,51
3915,76
3916,90
3917,54
3918,74
3919,35
3920,49
3921,23
3922,61
3923,86
3924,32
3925,73
3926,91
3927,50
3928,35
3929,40
3930,22
3931,62
3932,76
3933,90
3934,39
3935,31
3936,40
3937,10
3938,54
3939,42
3940,5
3941,87
3942,27
3943,50
3944,42
3945,93
3946,57
3947,40
3948,29
3949,38
3950,53
3951,20
3952,27
3953,60
3954,38
3955,37
3956,68
3957,6
3958,78
3959,99
3960,10
3961,20
3962,29
3963,27
3964,59
3965,24
3966,54
3967,54
3968,48
3969,86
3970,9
3971,54
3972,85
3973,42
3974,24
3975,23
3976,84
3977,7
3978,57
3979,4
3980,22
3981,75
3982,3
3983,62
3984,78
3985,18
3986,26
3987,64
3988,3
3989,42
3990,29
3991,35
3992,3
3993,80
3994,18
3995,76
3996,96
3997,84
3998,15
3999,73
4000,96
4001,38
4002,88
4003,1
4004,28
4005,2
4006,57
4007,14
4008,32
4009,6
4010,70
4011,28
4012,3
4013,8
4014,73
4015,18
4016,32
4017,45
4018,0
4019,12
4020,95
4021,85
4022,38
4023,61
4024,5
4025,32
4026,42
4027,50
4028,74
4029,99
4030,3
4031,97
4032,63
4033,87
4034,45
4035,23
4036,65
4037,77
4038,79
4039,49
4040,21
4041,94
4042,51
4043,71
4044,86
4045,58
4046,18
4047,53
4048,24
4049,21
4050,71
4051,50
4052,66
4053,24
4054,87
4055,80
4056,36
4057,57
4058,40
4059,44
4060,44
4061,80
4062,70
4063,57
4064,36
4065,35
4066,35
4067,53
4068,76
4069,68
4070,18
4071,72
4072,58
4073,50
4074,32
4075,88
4076,26
4077,13
4078,22
4079,29
4080,11
4081,39
4082,40
4083,83
4084,93
4085,62
4086,26
4087,1
4088,96
4089,64
4090,58
4091,21
4092,31
4093,62
4094,35
4095,38
4096,86
4097,65
4098,81
4099,44
4100,52
4101,54
4102,73
4103,93
4104,92
4105,92
4106,15
4107,96
4108,78
4109,74
4110,21
4111,89
4112,2
4113,80
4114,76
4115,12
4116,35
4117,76
4118,94
4119,81
4120,77
4121,64
4122,23
4123,71
4124,22
4125,73
4126,19
4127,14
4128,65
4129,28
4130,67
4131,32
4132,38
4133,80
4134,38
4135,6
4136,56
4137,14
4138,61
4139,92
4140,97
4141,22
4142,72
4143,71
4144,9
4145,88
4146,84
4147,56
4148,49
4149,52
4150,41
4151,55
4152,50
4153,12
4154,57
4155,61
4156,17
4157,51
4158,98
4159,65
4160,18
4161,36
4162,61
4163,16
4164,60
4165,85
4166,27
4167,75
4168,45
4169,36
4170,24
4171,62
4172,66
4173,15
4174,62
4175,18
4176,33
4177,46
4178,89
4179,50
4180,70
4181,60
4182,59
4183,44
4184,96
4185,20
4186,51
4187,66
4188,77
4189,71
4190,55
4191,18
4192,44
4193,49
4194,39
4195,15
4196,57
4197,41
4198,83
4199,29
4200,40
4201,68
4202,75
4203,87
4204,32
4205,89
4206,71
4207,77
4208,93
4209,33
4210,71
4211,45
4212,87
4213,21
4214,13
4215,17
4216,91
4217,31
4218,57
4219,50
4220,2
4221,66
4222,21
4223,95
4224,50
4225,41
4226,65
4227,79
4228,27
4229,69
4230,96
4231,29
4232,68
4233,73
4234,19
4235,77
4236,62
4237,38
4238,7
4239,51
4240,33
4241,3
4242,2
4243,48
4244,36
4245,3
4246,43
4247,0
4248,4
4249,26
4250,64
4251,50
4252,67
4253,37
4254,59
4255,97
4256,53
4257,89
4258,16
4259,54
4260,27
4261,7
4262,67
4263,26
4264,35
4265,6
4266,42
4267,66
4268,96
4269,81
4270,19
4271,45
4272,87
4273,45
4274,76
4275,48
4276,29
4277,73
4278,45
4279,96
4280,9
4281,35
4282,92
4283,91
4284,43
4285,49
4286,27
4287,44
4288,41
4289,35
4290,51
4291,90
4292,91
4293,38
4294,47
4295,84
4296,66
4297,94
4298,84
4299,31
4300,61
4301,26
4302,88
4303,57
4304,29
4305,27
4306,87
4307,59
4308,0
4309,87
4310,62
4311,27
4312,44
4313,43
4314,72
4315,32
4316,84
4317,1
4318,63
4319,40
4320,53
4321,68
4322,71
4323,2
4324,57
4325,21
4326,11
4327,97
4328,60
4329,94
4330,36
4331,5
4332,55
4333,3
4334,91
4335,12
4336,62
4337,16
4338,2
4339,26
4340,94
4341,13
4342,42
4343,25
4344,57
4345,32
4346,40
4347,68
4348,86
4349,1
4350,90
4351,24
4352,90
4353,53
4354,85
4355,52
4356,91
4357,26
4358,13
4359,62
4360,62
4361,62
4362,29
4363,5
4364,50
4365,9
4366,60
4367,20
4368,45
4369,48
4370,52
4371,34
4372,23
4373,70
4374,8
4375,12
4376,63
4377,92
4378,40
4379,69
4380,36
4381,51
4382,52
4383,96
4384,65
4385,71
4386,96
4387,54
4388,40
4389,68
4390,99
4391,97
4392,71
4393,13
4394,40
4395,10
4396,2
4397,49
4398,1
4399,94
4400,12
4401,44
4402,72
4403,75
4404,10
4405,21
4406,83
4407,44
4408,55
4409,71
4410,77
4411,54
4412,18
4413,45
4414,91
4415,88
4416,22
4417,84
4418,8
4419,70
4420,29
4421,39
4422,61
4423,84
4424,70
4425,44
4426,50
4427,31
4428,62
4429,35
4430,5
4431,39
4432,77
4433,66
4434,12
4435,21
4436,8
4437,95
4438,72
4439,15
4440,47
4441,15
4442,58
4443,87
4444,39
4445,40
4446,79
4447,87
4448,16
4449,23
4450,78
4451,23
4452,91
4453,99
4454,9
4455,5
4456,31
4457,63
4458,56
4459,2
4460,57
4461,25
4462,89
4463,45
4464,14
4465,7
4466,60
4467,76
4468,1
4469,79
4470,65
4471,35
4472,12
4473,52
4474,23
4475,54
4476,44
4477,73
4478,26
4479,71
4480,75
4481,65
4482,22
4483,68
4484,85
4485,62
4486,87
4487,5
4488,42
4489,27
4490,88
4491,43
4492,69
4493,69
4494,86
4495,56
4496,56
4497,7
4498,3
4499,14
4500,89
4501,13
4502,15
4503,7
4504,21
4505,44
4506,3
4507,96
4508,1
4509,40
4510,59
4511,4
4512,28
4513,74
4514,3
4515,40
4516,96
4517,20
4518,23
4519,6
4520,65
4521,76
4522,26
4523,31
4524,44
4525,80
4526,94
4527,31
4528,66
4529,57
4530,95
4531,50
4532,73
4533,48
4534,62
4535,95
4536,65
4537,95
4538,51
4539,75
4540,10
4541,18
4542,59
4543,28
4544,49
4545,63
4546,15
4547,40
4548,79
4549,53
4550,57
4551,42
4552,96
4553,5
4554,33
4555,79
4556,36
4557,26
4558,76
4559,84
4560,74
4561,28
4562,1
4563,44
4564,37
4565,96
4566,71
4567,64
4568,61
4569,22
4570,68
4571,96
4572,0
4573,71
4574,59
4575,65
4576,16
4577,50
4578,84
4579,84
4580,8
4581,66
4582,68
4583,68
4584,2
4585,49
4586,20
4587,7
4588,12
4589,97
4590,20
4591,47
4592,40
4593,45
4594,73
4595,34
4596,38
4597,49
4598,64
4599,24
4600,85
4601,18
4602,20
4603,2
4604,45
4605,41
4606,14
4607,71
4608,62
4609,37
4610,17
4611,45
4612,26
4613,64
4614,32
4615,71
4616,33
4617,10
4618,25
4619,79
4620,10
4621,22
4622,26
4623,57
4624,79
4625,65
4626,80
4627,70
4628,43
4629,37
4630,35
4631,62
4632,80
4633,21
4634,40
4635,48
4636,15
4637,84
4638,74
4639,7
4640,88
4641,50
4642,4
4643,41
4644,75
4645,84
4646,59
4647,64
4648,39
4649,60
4650,7
4651,95
4652,91
4653,96
4654,90
4655,60
4656,36
4657,63
4658,86
4659,84
4660,22
4661,40
4662,51
4663,58
4664,17
4665,64
4666,47
4667,32
4668,3
4669,16
4670,58
4671,96
4672,44
4673,75
4674,9
4675,83
4676,10
4677,34
4678,64
4679,3
4680,36
4681,17
4682,4
4683,63
4684,73
4685,27
4686,67
4687,33
4688,61
4689,16
4690,45
4691,10
4692,85
4693,95
4694,76
4695,75
4696,48
4697,75
4698,86
4699,64
4700,59
4701,61
4702,4
4703,47
4704,73
4705,73
4706,37
4707,92
4708,36
4709,93
4710,72
4711,73
4712,10
4713,6
4714,18
4715,67
4716,15
4717,44
4718,53
4719,22
4720,98
4721,26
4722,12
4723,56
4724,85
4725,54
4726,13
4727,26
4728,92
4729,53
4730,37
4731,64
4732,67
4733,24
4734,45
4735,35
4736,34
4737,49
4738,1
4739,20
4740,29
4741,85
4742,9
4743,35
4744,14
4745,72
4746,12
4747,17
4748,53
4749,48
4750,81
4751,63
4752,33
4753,48
4754,87
4755,21
4756,9
4757,13
4758,29
4759,4
4760,26
4761,41
4762,92
4763,31
4764,41
4765,79
4766,62
4767,53
4768,51
4769,26
4770,60
4771,22
4772,91
4773,34
4774,74
4775,36
4776,13
4777,6
4778,0
4779,48
4780,0
4781,18
4782,89
4783,89
4784,20
4785,39
4786,2
4787,32
4788,45
4789,35
4790,73
4791,48
4792,38
4793,80
4794,35
4795,49
4796,49
4797,63
4798,15
4799,95
4800,45
4801,4
4802,11
4803,63
4804,31
4805,95
4806,81
4807,85
4808,75
4809,27
4810,23
4811,39
4812,35
4813,54
4814,35
4815,87
4816,6
4817,54
4818,31
4819,5
4820,13
4821,86
4822,51
4823,19
4824,22
4825,18
4826,40
4827,16
4828,65
4829,94
4830,21
4831,23
4832,2
4833,62
4834,16
4835,69
4836,52
4837,40
4838,52
4839,5
4840,20
4841,99
4842,17
4843,20
4844,8
4845,77
4846,27
4847,45
4848,31
4849,71
4850,78
4851,22
4852,72
4853,52
4854,41
4855,62
4856,8
4857,1
4858,73
4859,29
4860,48
4861,0
4862,21
4863,11
4864,91
4865,45
4866,85
4867,29
4868,20
4869,42
4870,26
4871,35
4872,0
4873,47
4874,23
4875,6
4876,8
4877,91
4878,27
4879,97
4880,87
4881,3
4882,0
4883,50
4884,9
4885,38
4886,45
4887,0
4888,10
4889,50
4890,60
4891,96
4892,49
4893,9
4894,31
4895,61
4896,73
4897,52
4898,87
4899,33
4900,18
4901,2
4902,36
4903,13
4904,81
4905,39
4906,96
4907,84
4908,95
4909,31
4910,35
4911,35
4912,64
4913,18
4914,74
4915,89
4916,64
4917,90
4918,11
4919,78
4920,20
4921,62
4922,70
4923,97
4924,51
4925,48
4926,96
4927,84
4928,14
4929,21
4930,71
4931,69
4932,80
4933,35
4934,31
4935,82
4936,16
4937,90
4938,41
4939,89
4940,27
4941,18
4942,20
4943,17
4944,35
4945,60
4946,99
4947,97
4948,40
4949,27
4950,60
4951,81
4952,71
4953,51
4954,81
4955,2
4956,8
4957,31
4958,31
4959,5
4960,63
4961,27
4962,71
4963,70
4964,45
4965,43
4966,50
4967,50
4968,19
4969,61
4970,74
4971,86
4972,3
4973,81
4974,8
4975,57
4976,3
4977,97
4978,73
4979,74
4980,70
4981,47
4982,73
4983,41
4984,0
4985,91
4986,49
4987,52
4988,98
4989,11
4990,12
4991,52
4992,93
4993,48
4994,57
4995,40
4996,2
4997,13
4998,52
4999,13
5000,93
5001,23
5002,22
5003,16
5004,66
5005,12
5006,24
5007,52
5008,35
5009,33
5010,17
5011,89
5012,14
5013,75
5014,16
5015,3
5016,15
5017,29
5018,38
5019,38
5020,14
5021,41
5022,5
5023,65
5024,91
5025,9
5026,20
5027,31
5028,41
5029,15
5030,43
5031,74
5032,12
5033,90
5034,42
5035,64
5036,27
5037,50
5038,37
5039,79
5040,73
5041,69
5042,58
5043,77
5044,18
5045,19
5046,29
5047,29
5048,45
5049,71
5050,89
5051,55
5052,53
5053,44
5054,2
5055,11
5056,87
5057,36
5058,5
5059,1
5060,83
5061,4
5062,35
5063,45
5064,35
5065,53
5066,92
5067,97
5068,8
5069,29
5070,7
5071,83
5072,8
5073,14
5074,91
5075,97
5076,77
5077,29
5078,86
5079,45
5080,97
5081,63
5082,0
5083,41
5084,40
5085,3
5086,77
5087,72
5088,56
5089,71
5090,87
5091,9
5092,14
5093,80
5094,57
5095,70
5096,66
5097,90
5098,31
5099,15
5100,4
5101,25
5102,79
5103,68
5104,3
5105,84
5106,72
5107,25
5108,84
5109,42
5110,74
5111,72
5112,27
5113,9
5114,0
5115,12
5116,97
5117,40
5118,40
5119,87
5120,91
5121,57
5122,64
5123,13
5124,45
5125,95
5126,55
5127,88
5128,65
5129,49
5130,77
5131,32
5132,31
5133,23
5134,79
5135,29
5136,88
5137,62
5138,40
5139,32
5140,45
5141,64
5142,84
5143,95
5144,14
5145,62
5146,55
5147,33
5148,88
5149,50
5150,7
5151,89
5152,47
5153,97
5154,4
5155,64
5156,13
5157,2
5158,84
5159,24
5160,59
5161,15
5162,36
5163,48
5164,86
5165,8
5166,3
5167,5
5168,72
5169,50
5170,45
5171,6
5172,64
5173,54
5174,35
5175,91
5176,72
5177,55
5178,37
5179,66
5180,28
5181,14
5182,85
5183,2
5184,85
5185,16
5186,3
5187,41
5188,8
5189,37
5190,66
5191,5
5192,87
5193,52
5194,16
5195,68
5196,55
5197,57
5198,42
5199,2
5200,58
5201,55
5202,87
5203,29
5204,56
5205,44
5206,4
5207,73
5208,55
5209,71
5210,23
5211,37
5212,73
5213,52
5214,54
5215,35
5216,60
5217,21
5218,26
5219,14
5220,48
5221,99
5222,81
5223,7
5224,51
5225,22
5226,11
5227,62
5228,41
5229,99
5230,33
5231,7
5232,80
5233,18
5234,89
5235,1
5236,2
5237,38
5238,27
5239,68
5240,1
5241,44
5242,91
5243,40
5244,4
5245,40
5246,37
5247,88
5248,49
5249,57
5250,61
5251,21
5252,11
5253,76
5254,70
5255,20
5256,58
5257,76
5258,53
5259,50
5260,0
5261,21
5262,34
5263,37
5264,71
5265,26
5266,12
5267,52
5268,60
5269,69
5270,86
5271,17
5272,57
5273,26
5274,10
5275,57
5276,48
5277,95
5278,13
5279,49
5280,39
5281,77
5282,31
5283,12
5284,17
5285,99
5286,50
5287,73
5288,27
5289,25
5290,84
5291,55
5292,41
5293,25
5294,38
5295,88
5296,3
5297,98
5298,36
5299,13
5300,24
5301,53
5302,54
5303,55
5304,68
5305,57
5306,2
5307,27
5308,73
5309,39
5310,59
5311,45
5312,71
5313,97
5314,13
5315,13
5316,50
5317,95
5318,69
5319,34
5320,21
5321,50
5322,41
5323,37
5324,8
5325,32
5326,52
5327,63
5328,2
5329,20
5330,36
5331,92
5332,14
5333,92
5334,53
5335,11
5336,62
5337,59
5338,64
5339,41
5340,61
5341,80
5342,2
5343,48
5344,40
5345,52
5346,73
5347,21
5348,41
5349,42
5350,70
5351,12
5352,88
5353,18
5354,94
5355,27
5356,57
5357,57
5358,17
5359,52
5360,34
5361,4
5362,80
5363,49
5364,59
5365,96
5366,70
5367,47
5368,40
5369,70
5370,68
5371,38
5372,10
5373,24
5374,53
5375,58
5376,77
5377,66
5378,94
5379,33
5380,33
5381,94
5382,9
5383,17
5384,22
5385,84
5386,2
5387,14
5388,21
5389,31
5390,45
5391,35
5392,18
5393,38
5394,37
5395,38
5396,81
5397,60
5398,41
5399,61
5400,34
5401,31
5402,0
5403,36
5404,8
5405,69
5406,18
5407,94
5408,78
5409,48
5410,95
5411,0
5412,35
5413,18
5414,31
5415,13
5416,56
5417,35
5418,69
5419,62
5420,88
5421,32
5422,73
5423,5
5424,81
5425,44
5426,40
5427,8
5428,71
5429,6
5430,85
5431,80
5432,58
5433,34
5434,84
5435,47
5436,83
5437,49
5438,40
5439,32
5440,73
5441,97
5442,84
5443,26
5444,69
5445,76
5446,81
5447,29
5448,3
5449,64
5450,15
5451,53
5452,59
5453,83
5454,80
5455,27
5456,10
5457,53
5458,59
5459,42
5460,48
5461,90
5462,72
5463,68
5464,71
5465,64
5466,45
5467,12
5468,24
5469,62
5470,96
5471,16
5472,81
5473,51
5474,39
5475,16
5476,55
5477,52
5478,12
5479,60
5480,62
5481,66
5482,54
5483,61
5484,93
5485,64
5486,54
5487,72
5488,31
5489,86
5490,54
5491,55
5492,93
5493,53
5494,80
5495,50
5496,33
5497,37
5498,41
5499,1
5500,70
5501,21
5502,16
5503,3
5504,55
5505,73
5506,85
5507,60
5508,35
5509,79
5510,18
5511,76
5512,94
5513,92
5514,72
5515,58
5516,87
5517,11
5518,62
5519,24
5520,63
5521,47
5522,17
5523,2
5524,95
5525,57
5526,79
5527,28
5528,32
5529,7
5530,86
5531,1
5532,57
5533,57
5534,17
5535,9
5536,25
5537,75
5538,72
5539,38
5540,5
5541,14
5542,64
5543,56
5544,52
5545,27
5546,41
5547,86
5548,48
5549,12
5550,79
5551,35
5552,55
5553,66
5554,63
5555,86
5556,54
5557,40
5558,97
5559,79
5560,69
5561,38
5562,25
5563,54
5564,73
5565,92
5566,70
5567,33
5568,4
5569,65
5570,44
5571,89
5572,94
5573,2
5574,25
5575,73
5576,73
5577,41
5578,87
5579,66
5580,58
5581,16
5582,53
5583,94
5584,52
5585,14
5586,2
5587,70
5588,94
5589,6
5590,88
5591,2
5592,74
5593,24
5594,79
5595,63
5596,60
5597,91
5598,16
5599,70
5600,84
5601,91
5602,87
5603,40
5604,32
5605,63
5606,24
5607,6
5608,92
5609,35
5610,18
5611,29
5612,40
5613,0
5614,93
5615,12
5616,57
5617,60
5618,42
5619,23
5620,35
5621,42
5622,46
5623,96
5624,26
5625,9
5626,91
5627,39
5628,81
5629,14
5630,24
5631,48
5632,45
5633,22
5634,31
5635,17
5636,41
5637,78
5638,61
5639,94
5640,14
5641,87
5642,71
5643,81
5644,93
5645,60
5646,52
5647,82
5648,66
5649,8
5650,27
5651,72
5652,23
5653,72
5654,76
5655,59
5656,34
5657,58
5658,60
5659,80
5660,79
5661,37
5662,12
5663,34
5664,27
5665,55
5666,27
5667,59
5668,92
5669,16
5670,40
5671,86
5672,7
5673,20
5674,35
5675,49
5676,48
5677,76
5678,17
5679,26
5680,68
5681,2
5682,93
5683,81
5684,91
5685,67
5686,63
5687,86
5688,70
5689,64
5690,6
5691,51
5692,5
5693,22
5694,26
5695,94
5696,97
5697,9
5698,73
5699,35
5700,64
5701,68
5702,14
5703,43
5704,14
5705,71
5706,76
5707,61
5708,31
5709,69
5710,72
5711,72
5712,40
5713,60
5714,31
5715,51
5716,72
5717,87
5718,5
5719,75
5720,35
5721,39
5722,93
5723,32
5724,73
5725,43
5726,55
5727,22
5728,35
5729,64
5730,16
5731,20
5732,64
5733,31
5734,10
5735,1
5736,54
5737,41
5738,19
5739,18
5740,31
5741,5
5742,25
5743,16
5744,10
5745,91
5746,77
5747,8
5748,49
5749,17
5750,97
5751,76
5752,79
5753,85
5754,19
5755,8
5756,76
5757,96
5758,29
5759,52
5760,35
5761,40
5762,81
5763,74
5764,31
5765,65
5766,31
5767,72
5768,61
5769,10
5770,81
5771,62
5772,73
5773,35
5774,7
5775,89
5776,81
5777,4
5778,14
5779,67
5780,8
5781,65
5782,40
5783,25
5784,75
5785,3
5786,92
5787,95
5788,62
5789,46
5790,13
5791,68
5792,89
5793,44
5794,49
5795,57
5796,38
5797,85
5798,66
5799,61
5800,92
5801,65
5802,43
5803,48
5804,40
5805,42
5806,80
5807,79
5808,54
5809,93
5810,53
5811,72
5812,49
5813,66
5814,64
5815,7
5816,5
5817,88
5818,97
5819,11
5820,72
5821,40
5822,2
5823,8
5824,33
5825,64
5826,42
5827,44
5828,97
5829,22
5830,43
5831,35
5832,54
5833,38
5834,34
5835,81
5836,15
5837,5
5838,50
5839,19
5840,48
5841,73
5842,53
5843,64
5844,93
5845,7
5846,42
5847,40
5848,61
5849,29
5850,90
5851,62
5852,35
5853,55
5854,29
5855,87
5856,5
5857,52
5858,22
5859,61
5860,67
5861,73
5862,87
5863,38
5864,99
5865,26
5866,12
5867,71
5868,10
5869,45
5870,84
5871,27
5872,83
5873,7
5874,25
5875,32
5876,45
5877,97
5878,72
5879,33
5880,29
5881,8
5882,5
5883,70
5884,38
5885,90
5886,45
5887,84
5888,92
5889,3
5890,56
5891,15
5892,50
5893,52
5894,71
5895,0
5896,35
5897,63
5898,87
5899,89
5900,63
5901,97
5902,64
5903,22
5904,38
5905,29
5906,59
5907,45
5908,2
5909,2
5910,92
5911,62
5912,95
5913,3
5914,21
5915,47
5916,16
5917,33
5918,52
5919,92
5920,68
5921,79
5922,68
5923,57
5924,17
5925,42
5926,59
5927,48
5928,85
5929,18
5930,38
5931,45
5932,62
5933,42
5934,10
5935,71
5936,35
5937,65
5938,26
5939,54
5940,18
5941,7
5942,44
5943,19
5944,25
5945,8
5946,76
5947,32
5948,76
5949,8
5950,97
5951,37
5952,41
5953,72
5954,60
5955,39
5956,36
5957,33
5958,41
5959,16
5960,32
5961,2
5962,67
5963,58
5964,56
5965,32
5966,85
5967,59
5968,92
5969,15
5970,91
5971,73
5972,20
5973,60
5974,75
5975,8
5976,71
5977,87
5978,59
5979,87
5980,94
5981,42
5982,14
5983,79
5984,89
5985,49
5986,2
5987,56
5988,92
5989,71
5990,73
5991,89
5992,66
5993,28
5994,65
5995,53
5996,1
5997,26
5998,36
5999,3
6000,84
6001,33
6002,83
6003,64
6004,81
6005,49
6006,91
6007,51
6008,73
6009,39
6010,2
6011,8
6012,35
6013,63
6014,66
6015,47
6016,52
6017,48
6018,73
6019,61
6020,92
6021,35
6022,97
6023,83
6024,42
6025,70
6026,87
6027,10
6028,88
6029,17
6030,38
6031,14
6032,89
6033,16
6034,69
6035,72
6036,63
6037,54
6038,24
6039,43
6040,94
6041,4
6042,51
6043,67
6044,52
6045,56
6046,58
6047,93
6048,86
6049,87
6050,32
6051,66
6052,93
6053,91
6054,27
6055,35
6056,62
6057,49
6058,75
6059,20
6060,27
6061,94
6062,26
6063,26
6064,54
6065,73
6066,43
6067,10
6068,76
6069,87
6070,0
6071,80
6072,35
6073,61
6074,2
6075,2
6076,3
6077,67
6078,9
6079,9
6080,86
6081,59
6082,56
6083,54
6084,87
6085,61
6086,89
6087,16
6088,26
6089,87
6090,72
6091,37
6092,59
6093,32
6094,28
6095,68
6096,44
6097,29
6098,81
6099,72
6100,13
6101,32
6102,77
6103,73
6104,68
6105,85
6106,61
6107,52
6108,96
6109,49
6110,76
6111,16
6112,31
6113,21
6114,73
6115,35
6116,86
6117,84
6118,7
6119,18
6120,44
6121,73
6122,49
6123,16
6124,28
6125,19
6126,1
6127,20
6128,99
6129,87
6130,87
6131,42
6132,35
6133,71
6134,34
6135,25
6136,9
6137,45
6138,60
6139,61
6140,35
6141,59
6142,69
6143,15
6144,85
6145,51
6146,20
6147,47
6148,10
6149,39
6150,87
6151,3
6152,65
6153,69
6154,57
6155,74
6156,79
6157,42
6158,2
6159,28
6160,12
6161,88
6162,21
6163,58
6164,2
6165,19
6166,8
6167,2
6168,39
6169,44
6170,48
6171,21
6172,21
6173,38
6174,65
6175,90
6176,96
6177,0
6178,81
6179,56
6180,88
6181,28
6182,80
6183,76
6184,58
6185,45
6186,7
6187,71
6188,16
6189,35
6190,3
6191,50
6192,65
6193,17
6194,3
6195,60
6196,12
6197,56
6198,3
6199,33
6200,48
6201,66
6202,3
6203,4
6204,84
6205,54
6206,81
6207,66
6208,67
6209,47
6210,54
6211,26
6212,73
6213,50
6214,21
6215,47
6216,21
6217,53
6218,81
6219,65
6220,71
6221,20
6222,95
6223,62
6224,26
6225,56
6226,65
6227,35
6228,65
6229,27
6230,39
6231,53
6232,38
6233,38
6234,39
6235,0
6236,10
6237,2
6238,93
6239,66
6240,32
6241,13
6242,54
6243,32
6244,1
6245,73
6246,58
6247,80
6248,46
6249,64
6250,7
6251,41
6252,14
6253,2
6254,41
6255,49
6256,42
6257,38
6258,81
6259,5
6260,3
6261,38
6262,43
6263,89
6264,90
6265,71
6266,3
6267,77
6268,58
6269,16
6270,32
6271,63
6272,63
6273,24
6274,20
6275,41
6276,38
6277,50
6278,95
6279,73
6280,59
6281,31
6282,71
6283,78
6284,32
6285,18
6286,19
6287,35
6288,21
6289,98
6290,91
6291,22
6292,95
6293,23
6294,71
6295,40
6296,45
6297,44
6298,88
6299,43
6300,51
6301,9
6302,25
6303,24
6304,41
6305,13
6306,54
6307,1
6308,31
6309,2
6310,9
6311,55
6312,32
6313,18
6314,17
6315,74
6316,81
6317,65
6318,93
6319,12
6320,85
6321,71
6322,66
6323,45
6324,42
6325,34
6326,17
6327,57
6328,58
6329,0
6330,73
6331,63
6332,40
6333,20
6334,55
6335,12
6336,39
6337,62
6338,89
6339,77
6340,17
6341,35
6342,98
6343,80
6344,22
6345,15
6346,33
6347,62
6348,17
6349,2
6350,77
6351,27
6352,2
6353,96
6354,34
6355,50
6356,20
6357,74
6358,42
6359,27
6360,94
6361,84
6362,38
6363,24
6364,27
6365,52
6366,56
6367,34
6368,7
6369,94
6370,46
6371,34
6372,73
6373,80
6374,99
6375,56
6376,50
6377,74
6378,45
6379,60
6380,50
6381,47
6382,45
6383,63
6384,43
6385,17
6386,3
6387,1
6388,73
6389,5
6390,4
6391,4
6392,89
6393,40
6394,43
6395,7
6396,24
6397,52
6398,88
6399,42
6400,94
6401,35
6402,57
6403,84
6404,72
6405,81
6406,92
6407,3
6408,86
6409,86
6410,44
6411,3
6412,6
6413,59
6414,7
6415,62
6416,93
6417,6
6418,76
6419,61
6420,8
6421,27
6422,35
6423,54
6424,61
6425,79
6426,94
6427,24
6428,52
6429,67
6430,22
6431,16
6432,23
6433,13
6434,45
6435,83
6436,74
6437,74
6438,84
6439,22
6440,12
6441,42
6442,45
6443,89
6444,23
6445,79
6446,36
6447,61
6448,10
6449,24
6450,31
6451,17
6452,94
6453,99
6454,87
6455,87
6456,59
6457,35
6458,47
6459,34
6460,26
6461,26
6462,73
6463,43
6464,50
6465,63
6466,33
6467,52
6468,3
6469,55
6470,97
6471,61
6472,86
6473,8
6474,7
6475,88
6476,94
6477,25
6478,3
6479,12
6480,44
6481,29
6482,9
6483,73
6484,0
6485,91
6486,18
6487,55
6488,33
6489,81
6490,62
6491,8
6492,16
6493,3
6494,3
6495,4
6496,50
6497,55
6498,1
6499,89
6500,38
6501,83
6502,94
6503,44
6504,73
6505,3
6506,43
6507,89
6508,75
6509,72
6510,27
6511,83
6512,80
6513,84
6514,3
6515,56
6516,17
6517,68
6518,56
6519,14
6520,61
6521,5
6522,45
6523,93
6524,35
6525,22
6526,50
6527,79
6528,76
6529,48
6530,7
6531,95
6532,15
6533,27
6534,90
6535,57
6536,26
6537,93
6538,21
6539,96
6540,14
6541,40
6542,31
6543,81
6544,4
6545,52
6546,2
6547,39
6548,26
6549,3
6550,35
6551,85
6552,20
6553,86
6554,85
6555,70
6556,94
6557,26
6558,75
6559,27
6560,50
6561,27
6562,2
6563,37
6564,95
6565,95
6566,99
6567,97
6568,39
6569,42
6570,79
6571,32
6572,72
6573,91
6574,26
6575,68
6576,37
6577,0
6578,33
6579,65
6580,19
6581,62
6582,5
6583,76
6584,43
6585,72
6586,41
6587,53
6588,22
6589,37
6590,86
6591,29
6592,28
6593,68
6594,24
6595,84
6596,20
6597,32
6598,17
6599,57
6600,79
6601,1
6602,35
6603,53
6604,16
6605,21
6606,24
6607,8
6608,39
6609,77
6610,5
6611,83
6612,65
6613,63
6614,79
6615,76
6616,32
6617,87
6618,88
6619,27
6620,7
6621,12
6622,39
6623,64
6624,63
6625,23
6626,72
6627,0
6628,94
6629,10
6630,72
6631,90
6632,79
6633,38
6634,15
6635,29
6636,35
6637,4
6638,84
6639,50
6640,54
6641,61
6642,22
6643,8
6644,81
6645,36
6646,12
6647,96
6648,73
6649,0
6650,67
6651,79
6652,67
6653,52
6654,31
6655,66
6656,22
6657,95
6658,53
6659,27
6660,94
6661,29
6662,38
6663,71
6664,40
6665,28
6666,7
6667,77
6668,35
6669,45
6670,66
6671,91
6672,8
6673,71
6674,49
6675,62
6676,90
6677,61
6678,19
6679,27
6680,68
6681,9
6682,21
6683,87
6684,2
6685,34
6686,96
6687,73
6688,84
6689,95
6690,38
6691,3
6692,15
6693,27
6694,88
6695,48
6696,7
6697,53
6698,61
6699,12
6700,49
6701,88
6702,7
6703,59
6704,16
6705,25
6706,22
6707,63
6708,28
6709,29
6710,44
6711,44
6712,37
6713,19
6714,24
6715,46
6716,32
6717,0
6718,62
6719,80
6720,57
6721,3
6722,15
6723,54
6724,22
6725,42
6726,74
6727,38
6728,31
6729,42
6730,2
6731,50
6732,1
6733,16
6734,94
6735,68
6736,53
6737,73
6738,5
6739,82
6740,60
6741,50
6742,38
6743,3
6744,66
6745,7
6746,18
6747,92
6748,35
6749,29
6750,96
6751,25
6752,5
6753,90
6754,1
6755,33
6756,73
6757,67
6758,36
6759,75
6760,9
6761,42
6762,7
6763,55
6764,57
6765,26
6766,62
6767,77
6768,80
6769,45
6770,85
6771,59
6772,21
6773,35
6774,7
6775,58
6776,23
6777,62
6778,35
6779,19
6780,96
6781,78
6782,2
6783,1
6784,73
6785,0
6786,48
6787,3
6788,88
6789,4
6790,85
6791,17
6792,62
6793,17
6794,73
6795,7
6796,16
6797,65
6798,76
6799,45
6800,48
6801,27
6802,68
6803,7
6804,48
6805,25
6806,70
6807,92
6808,88
6809,39
6810,76
6811,32
6812,5
6813,38
6814,79
6815,71
6816,53
6817,79
6818,13
6819,66
6820,71
6821,25
6822,18
6823,79
6824,72
6825,96
6826,34
6827,68
6828,67
6829,61
6830,24
6831,92
6832,85
6833,95
6834,14
6835,56
6836,27
6837,97
6838,58
6839,70
6840,20
6841,43
6842,62
6843,65
6844,48
6845,31
6846,60
6847,25
6848,79
6849,92
6850,88
6851,78
6852,50
6853,4
6854,42
6855,51
6856,35
6857,39
6858,73
6859,14
6860,29
6861,3
6862,40
6863,50
6864,67
6865,15
6866,15
6867,14
6868,89
6869,64
6870,14
6871,17
6872,92
6873,31
6874,15
6875,65
6876,54
6877,16
6878,83
6879,50
6880,68
6881,28
6882,62
6883,33
6884,48
6885,63
6886,87
6887,13
6888,60
6889,24
6890,20
6891,20
6892,55
6893,32
6894,80
6895,63
6896,55
6897,59
6898,72
6899,62
6900,24
6901,85
6902,27
6903,87
6904,62
6905,64
6906,53
6907,9
6908,51
6909,54
6910,17
6911,20
6912,15
6913,95
6914,15
6915,91
6916,56
6917,19
6918,96
6919,15
6920,62
6921,39
6922,2
6923,38
6924,43
6925,31
6926,88
6927,60
6928,96
6929,62
6930,94
6931,73
6932,1
6933,49
6934,0
6935,42
6936,17
6937,8
6938,71
6939,44
6940,52
6941,20
6942,62
6943,94
6944,15
6945,55
6946,61
6947,16
6948,22
6949,87
6950,35
6951,76
6952,31
6953,3
6954,99
6955,57
6956,74
6957,68
6958,5
6959,29
6960,77
6961,27
6962,50
6963,3
6964,32
6965,73
6966,84
6967,2
6968,69
6969,10
6970,10
6971,49
6972,95
6973,52
6974,76
6975,19
6976,79
6977,51
6978,5
6979,5
6980,13
6981,1
6982,3
6983,2
6984,2
6985,27
6986,6
6987,20
6988,6
6989,70
6990,70
6991,20
6992,94
6993,25
6994,87
6995,83
6996,45
6997,39
6998,93
6999,44
7000,39
7001,7
7002,42
7003,37
7004,78
7005,42
7006,3
7007,86
7008,62
7009,21
7010,24
7011,70
7012,91
7013,77
7014,94
7015,91
7016,20
7017,47
7018,53
7019,85
7020,68
7021,35
7022,37
7023,38
7024,70
7025,89
7026,10
7027,55
7028,52
7029,68
7030,63
7031,76
7032,88
7033,18
7034,70
7035,64
7036,9
7037,56
7038,10
7039,35
7040,87
7041,42
7042,55
7043,70
7044,33
7045,63
7046,91
7047,80
7048,91
7049,40
7050,39
7051,38
7052,64
7053,26
7054,71
7055,50
7056,63
7057,92
7058,27
7059,16
7060,65
7061,62
7062,56
7063,61
7064,99
7065,95
7066,70
7067,36
7068,34
7069,27
7070,15
7071,94
7072,51
7073,73
7074,29
7075,62
7076,45
7077,63
7078,73
7079,76
7080,95
7081,5
7082,35
7083,96
7084,53
7085,7
7086,14
7087,76
7088,2
7089,42
7090,43
7091,6
7092,86
7093,57
7094,63
7095,62
7096,98
7097,23
7098,53
7099,32
7100,71
7101,87
7102,93
7103,95
7104,90
7105,92
7106,32
7107,85
7108,79
7109,92
7110,83
7111,38
7112,19
7113,69
7114,62
7115,64
7116,18
7117,1
7118,44
7119,69
7120,38
7121,39
7122,72
7123,96
7124,44
7125,67
7126,1
7127,16
7128,18
7129,72
7130,74
7131,73
7132,88
7133,12
7134,35
7135,31
7136,32
7137,33
7138,10
7139,52
7140,40
7141,85
7142,13
7143,4
7144,20
7145,35
7146,64
7147,89
7148,99
7149,92
7150,95
7151,59
7152,88
7153,18
7154,80
7155,0
7156,35
7157,35
7158,10
7159,10
7160,29
7161,59
7162,87
7163,0
7164,40
7165,59
7166,35
7167,62
7168,68
7169,10
7170,42
7171,72
7172,47
7173,14
7174,35
7175,47
7176,23
7177,16
7178,50
7179,80
7180,50
7181,19
7182,63
7183,7
7184,46
7185,15
7186,73
7187,5
7188,99
7189,13
7190,65
7191,71
7192,26
7193,21
7194,73
7195,9
7196,25
7197,48
7198,19
7199,89
7200,59
7201,56
7202,84
7203,54
7204,3
7205,32
7206,96
7207,51
7208,91
7209,3
7210,2
7211,17
7212,42
7213,59
7214,20
7215,74
7216,68
7217,72
7218,77
7219,93
7220,3
7221,22
7222,16
7223,72
7224,2
7225,99
7226,14
7227,59
7228,1
7229,99
7230,49
7231,31
7232,86
7233,79
7234,18
7235,16
7236,10
7237,48
7238,61
7239,77
7240,4
7241,35
7242,60
7243,10
7244,15
7245,11
7246,1
7247,77
7248,27
7249,96
7250,77
7251,10
7252,5
7253,40
7254,21
7255,29
7256,44
7257,39
7258,72
7259,61
7260,17
7261,83
7262,76
7263,49
7264,87
7265,59
7266,80
7267,40
7268,81
7269,88
7270,86
7271,45
7272,23
7273,45
7274,85
7275,35
7276,50
7277,45
7278,43
7279,73
7280,27
7281,73
7282,38
7283,52
7284,88
7285,45
7286,3
7287,77
7288,99
7289,8
7290,62
7291,0
7292,18
7293,27
7294,35
7295,16
7296,99
7297,60
7298,73
7299,12
7300,28
7301,29
7302,55
7303,70
7304,88
7305,39
7306,69
7307,39
7308,29
7309,55
7310,1
7311,31
7312,28
7313,21
7314,35
7315,42
7316,15
7317,90
7318,44
7319,86
7320,97
7321,57
7322,8
7323,26
7324,57
7325,9
7326,44
7327,16
7328,94
7329,48
7330,3
7331,62
7332,26
7333,51
7334,18
7335,68
7336,40
7337,20
7338,79
7339,3
7340,72
7341,45
7342,38
7343,31
7344,44
7345,39
7346,71
7347,72
7348,45
7349,26
7350,95
7351,74
7352,63
7353,67
7354,29
7355,88
7356,56
7357,57
7358,35
7359,80
7360,6
7361,73
7362,13
7363,16
7364,73
7365,58
7366,44
7367,85
7368,69
7369,44
7370,73
7371,56
7372,24
7373,16
7374,24
7375,5
7376,7
7377,78
7378,93
7379,24
7380,77
7381,62
7382,26
7383,49
7384,36
7385,16
7386,97
7387,41
7388,10
7389,7
7390,77
7391,13
7392,92
7393,10
7394,22
7395,63
7396,12
7397,72
7398,38
7399,39
7400,68
7401,16
7402,52
7403,15
7404,17
7405,26
7406,81
7407,55
7408,24
7409,49
7410,12
7411,13
7412,3
7413,95
7414,69
7415,65
7416,47
7417,77
7418,79
7419,62
7420,61
7421,53
7422,35
7423,0
7424,23
7425,83
7426,50
7427,26
7428,2
7429,76
7430,47
7431,49
7432,45
7433,35
7434,70
7435,75
7436,15
7437,24
7438,80
7439,24
7440,66
7441,71
7442,72
7443,51
7444,68
7445,87
7446,65
7447,66
7448,79
7449,64
7450,73
7451,73
7452,93
7453,77
7454,81
7455,20
7456,70
7457,65
7458,20
7459,31
7460,42
7461,63
7462,24
7463,53
7464,67
7465,57
7466,35
7467,23
7468,62
7469,66
7470,73
7471,48
7472,35
7473,35
7474,25
7475,8
7476,15
7477,9
7478,62
7479,25
7480,40
7481,76
7482,0
7483,15
7484,99
7485,91
7486,76
7487,70
7488,25
7489,53
7490,80
7491,86
7492,60
7493,35
7494,97
7495,62
7496,29
7497,17
7498,76
7499,91
7500,57
7501,96
7502,3
7503,93
7504,92
7505,20
7506,69
7507,57
7508,38
7509,88
7510,40
7511,95
7512,44
7513,35
7514,57
7515,70
7516,35
7517,74
7518,16
7519,57
7520,10
7521,79
7522,16
7523,79
7524,61
7525,20
7526,85
7527,54
7528,59
7529,33
7530,50
7531,35
7532,22
7533,62
7534,1
7535,99
7536,80
7537,76
7538,4
7539,37
7540,79
7541,4
7542,73
7543,18
7544,28
7545,56
7546,35
7547,16
7548,39
7549,45
7550,3
7551,89
7552,83
7553,33
7554,80
7555,73
7556,48
7557,94
7558,86
7559,48
7560,57
7561,22
7562,59
7563,31
7564,51
7565,58
7566,87
7567,0
7568,20
7569,44
7570,6
7571,70
7572,65
7573,80
7574,45
7575,42
7576,53
7577,81
7578,87
7579,44
7580,26
7581,27
7582,36
7583,12
7584,69
7585,87
7586,52
7587,96
7588,15
7589,31
7590,71
7591,9
7592,5
7593,44
7594,15
7595,53
7596,14
7597,91
7598,56
7599,92
7600,85
7601,80
7602,57
7603,7
7604,97
7605,55
7606,54
7607,7
7608,3
7609,57
7610,66
7611,93
7612,2
7613,66
7614,5
7615,49
7616,62
7617,97
7618,79
7619,57
7620,13
7621,86
7622,37
7623,22
7624,72
7625,18
7626,56
7627,51
7628,73
7629,59
7630,99
7631,22
7632,84
7633,63
7634,13
7635,81
7636,29
7637,47
7638,29
7639,91
7640,64
7641,22
7642,92
7643,71
7644,26
7645,50
7646,71
7647,52
7648,56
7649,3
7650,52
7651,49
7652,10
7653,44
7654,40
7655,17
7656,18
7657,64
7658,42
7659,16
7660,72
7661,35
7662,52
7663,45
7664,42
7665,54
7666,69
7667,94
7668,69
7669,62
7670,17
7671,51
7672,76
7673,14
7674,98
7675,45
7676,84
7677,12
7678,78
7679,96
7680,59
7681,7
7682,33
7683,77
7684,68
7685,39
7686,40
7687,1
7688,24
7689,3
7690,15
7691,12
7692,23
7693,20
7694,75
7695,63
7696,38
7697,57
7698,39
7699,6
7700,79
7701,85
7702,15
7703,11
7704,24
7705,76
7706,95
7707,81
7708,94
7709,65
7710,41
7711,63
7712,73
7713,87
7714,71
7715,47
7716,97
7717,29
7718,72
7719,73
7720,2
7721,41
7722,50
7723,26
7724,60
7725,58
7726,79
7727,99
7728,94
7729,63
7730,93
7731,38
7732,37
7733,66
7734,32
7735,86
7736,38
7737,42
7738,54
7739,32
7740,39
7741,36
7742,91
7743,32
7744,96
7745,60
7746,14
7747,1
7748,11
7749,56
7750,50
7751,79
7752,99
7753,22
7754,63
7755,52
7756,72
7757,3
7758,15
7759,9
7760,14
7761,33
7762,54
7763,45
7764,44
7765,79
7766,40
7767,60
7768,45
7769,7
7770,54
7771,8
7772,72
7773,19
7774,10
7775,24
7776,81
7777,35
7778,85
7779,99
7780,27
7781,62
7782,38
7783,56
7784,13
7785,22
7786,29
7787,10
7788,6
7789,70
7790,28
7791,17
7792,57
7793,4
7794,20
7795,76
7796,91
7797,62
7798,64
7799,53
7800,39
7801,97
7802,73
7803,58
7804,50
7805,35
7806,31
7807,95
7808,87
7809,7
7810,1
7811,80
7812,96
7813,3
7814,50
7815,66
7816,18
7817,46
7818,57
7819,50
7820,50
7821,4
7822,54
7823,49
7824,14
7825,35
7826,29
7827,29
7828,91
7829,56
7830,99
7831,43
7832,35
7833,9
7834,45
7835,15
7836,10
7837,2
7838,27
7839,39
7840,68
7841,35
7842,41
7843,3
7844,23
7845,9
7846,96
7847,14
7848,64
7849,3
7850,55
7851,50
7852,48
7853,7
7854,74
7855,26
7856,18
7857,78
7858,25
7859,93
7860,50
7861,91
7862,81
7863,62
7864,24
7865,28
7866,31
7867,35
7868,73
7869,80
7870,38
7871,3
7872,52
7873,35
7874,57
7875,38
7876,53
7877,41
7878,77
7879,57
7880,59
7881,93
7882,96
7883,53
7884,75
7885,40
7886,62
7887,13
7888,42
7889,34
7890,48
7891,94
7892,13
7893,70
7894,26
7895,24
7896,22
7897,68
7898,85
7899,62
7900,73
7901,7
7902,91
7903,91
7904,2
7905,40
7906,16
7907,0
7908,13
7909,4
7910,96
7911,56
7912,25
7913,68
7914,35
7915,22
7916,63
7917,40
7918,62
7919,35
7920,95
7921,57
7922,35
7923,98
7924,94
7925,84
7926,38
7927,44
7928,11
7929,25
7930,28
7931,70
7932,31
7933,56
7934,17
7935,91
7936,10
7937,3
7938,32
7939,9
7940,50
7941,35
7942,48
7943,57
7944,7
7945,52
7946,33
7947,88
7948,81
7949,22
7950,8
7951,67
7952,61
7953,2
7954,65
7955,69
7956,35
7957,86
7958,43
7959,76
7960,52
7961,48
7962,49
7963,43
7964,59
7965,1
7966,62
7967,69
7968,93
7969,70
7970,42
7971,24
7972,16
7973,45
7974,51
7975,35
7976,16
7977,53
7978,52
7979,23
7980,83
7981,79
7982,31
7983,90
7984,90
7985,32
7986,2
7987,68
7988,28
7989,7
7990,4
7991,32
7992,27
7993,73
7994,51
7995,34
7996,55
7997,53
7998,62
7999,15
8000,13
8001,95
8002,70
8003,65
8004,65
8005,44
8006,34
8007,22
8008,77
8009,20
8010,52
8011,89
8012,86
8013,23
8014,7
8015,65
8016,49
8017,36
8018,81
8019,15
8020,62
8021,57
8022,43
8023,55
8024,97
8025,18
8026,63
8027,31
8028,59
8029,40
8030,74
8031,89
8032,23
8033,89
8034,53
8035,73
8036,42
8037,62
8038,18
8039,66
8040,25
8041,93
8042,63
8043,52
8044,10
8045,31
8046,39
8047,93
8048,35
8049,61
8050,53
8051,99
8052,98
8053,95
8054,91
8055,19
8056,32
8057,52
8058,62
8059,40
8060,39
8061,89
8062,36
8063,93
8064,93
8065,20
8066,2
8067,35
8068,95
8069,56
8070,63
8071,23
8072,21
8073,71
8074,43
8075,0
8076,69
8077,8
8078,20
8079,76
8080,42
8081,9
8082,87
8083,18
8084,93
8085,66
8086,35
8087,53
8088,42
8089,34
8090,21
8091,11
8092,81
8093,73
8094,92
8095,57
8096,29
8097,57
8098,42
8099,98
8100,31
8101,46
8102,66
8103,76
8104,40
8105,22
8106,76
8107,36
8108,74
8109,49
8110,87
8111,20
8112,73
8113,40
8114,73
8115,58
8116,56
8117,36
8118,96
8119,73
8120,43
8121,62
8122,52
8123,50
8124,81
8125,71
8126,85
8127,55
8128,45
8129,91
8130,41
8131,53
8132,5
8133,86
8134,93
8135,33
8136,62
8137,3
8138,93
8139,85
8140,96
8141,55
8142,29
8143,92
8144,55
8145,17
8146,89
8147,74
8148,62
8149,88
8150,53
8151,24
8152,25
8153,0
8154,67
8155,41
8156,8
8157,93
8158,87
8159,96
8160,3
8161,35
8162,32
8163,66
8164,21
8165,8
8166,52
8167,40
8168,31
8169,48
8170,91
8171,7
8172,1
8173,6
8174,98
8175,94
8176,40
8177,73
8178,59
8179,79
8180,71
8181,21
8182,92
8183,23
8184,36
8185,77
8186,35
8187,56
8188,87
8189,31
8190,14
8191,3
8192,15
8193,73
8194,53
8195,20
8196,70
8197,73
8198,55
8199,55
8200,24
8201,10
8202,9
8203,97
8204,41
8205,70
8206,38
8207,71
8208,80
8209,50
8210,35
8211,80
8212,21
8213,42
8214,4
8215,40
8216,77
8217,94
8218,67
8219,23
8220,62
8221,79
8222,86
8223,32
8224,19
8225,1
8226,71
8227,21
8228,14
8229,38
8230,32
8231,61
8232,32
8233,87
8234,21
8235,35
8236,92
8237,84
8238,86
8239,43
8240,27
8241,62
8242,92
8243,58
8244,78
8245,85
8246,20
8247,84
8248,34
8249,65
8250,97
8251,2
8252,60
8253,52
8254,1
8255,7
8256,7
8257,99
8258,69
8259,17
8260,7
8261,62
8262,23
8263,93
8264,29
8265,90
8266,15
8267,71
8268,55
8269,34
8270,58
8271,90
8272,84
8273,35
8274,68
8275,71
8276,84
8277,51
8278,10
8279,9
8280,55
8281,55
8282,55
8283,20
8284,14
8285,80
8286,13
8287,47
8288,27
8289,94
8290,73
8291,48
8292,14
8293,13
8294,76
8295,9
8296,21
8297,88
8298,64
8299,43
8300,91
8301,99
8302,49
8303,79
8304,4
8305,70
8306,16
8307,35
8308,40
8309,92
8310,10
8311,2
8312,53
8313,20
8314,23
8315,64
8316,40
8317,9
8318,4
8319,93
8320,39
8321,72
8322,4
8323,84
8324,0
8325,38
8326,96
8327,66
8328,84
8329,15
8330,56
8331,39
8332,2
8333,44
8334,15
8335,91
8336,8
8337,24
8338,48
8339,38
8340,8
8341,53
8342,40
8343,20
8344,70
8345,65
8346,24
8347,94
8348,81
8349,20
8350,28
8351,60
8352,65
8353,12
8354,97
8355,56
8356,55
8357,50
8358,29
8359,1
8360,89
8361,92
8362,49
8363,69
8364,84
8365,77
8366,37
8367,35
8368,39
8369,92
8370,66
8371,88
8372,14
8373,35
8374,21
8375,40
8376,60
8377,85
8378,14
8379,24
8380,9
8381,93
8382,69
8383,68
8384,66
8385,87
8386,62
8387,26
8388,65
8389,3
8390,68
8391,12
8392,68
8393,24
8394,22
8395,86
8396,3
8397,41
8398,3
8399,3
8400,45
8401,97
8402,86
8403,8
8404,0
8405,73
8406,25
8407,84
8408,66
8409,21
8410,61
8411,12
8412,26
8413,29
8414,25
8415,1
8416,86
8417,65
8418,90
8419,4
8420,31
8421,2
8422,69
8423,50
8424,17
8425,25
8426,99
8427,70
8428,17
8429,77
8430,55
8431,85
8432,36
8433,73
8434,74
8435,81
8436,0
8437,52
8438,39
8439,25
8440,49
8441,75
8442,60
8443,78
8444,28
8445,49
8446,50
8447,31
8448,87
8449,9
8450,77
8451,91
8452,10
8453,64
8454,9
8455,76
8456,65
8457,54
8458,97
8459,81
8460,73
8461,63
8462,23
8463,40
8464,98
8465,70
8466,37
8467,9
8468,85
8469,15
8470,94
8471,76
8472,13
8473,40
8474,40
8475,63
8476,20
8477,62
8478,41
8479,47
8480,2
8481,27
8482,96
8483,35
8484,69
8485,3
8486,10
8487,86
8488,40
8489,2
8490,15
8491,72
8492,15
8493,8
8494,79
8495,5
8496,57
8497,71
8498,0
8499,73
8500,5
8501,5
8502,27
8503,12
8504,9
8505,91
8506,60
8507,46
8508,35
8509,13
8510,49
8511,5
8512,86
8513,3
8514,93
8515,0
8516,61
8517,18
8518,7
8519,14
8520,12
8521,1
8522,10
8523,35
8524,29
8525,74
8526,18
8527,69
8528,96
8529,41
8530,42
8531,15
8532,78
8533,43
8534,58
8535,43
8536,84
8537,75
8538,18
8539,57
8540,12
8541,96
8542,75
8543,4
8544,76
8545,89
8546,44
8547,99
8548,27
8549,40
8550,31
8551,94
8552,45
8553,14
8554,38
8555,88
8556,69
8557,29
8558,16
8559,15
8560,51
8561,16
8562,98
8563,76
8564,78
8565,58
8566,57
8567,91
8568,97
8569,1
8570,65
8571,32
8572,35
8573,18
8574,53
8575,8
8576,76
8577,47
8578,93
8579,35
8580,7
8581,72
8582,41
8583,25
8584,52
8585,99
8586,38
8587,62
8588,66
8589,70
8590,67
8591,10
8592,1
8593,12
8594,71
8595,60
8596,6
8597,73
8598,64
8599,29
8600,50
8601,73
8602,19
8603,74
8604,20
8605,3
8606,42
8607,58
8608,58
8609,0
8610,91
8611,95
8612,56
8613,27
8614,44
8615,47
8616,9
8617,1
8618,62
8619,66
8620,88
8621,85
8622,49
8623,61
8624,73
8625,50
8626,58
8627,93
8628,42
8629,29
8630,56
8631,50
8632,18
8633,38
8634,57
8635,70
8636,2
8637,53
8638,21
8639,55
8640,39
8641,74
8642,14
8643,52
8644,81
8645,23
8646,72
8647,10
8648,35
8649,10
8650,59
8651,86
8652,71
8653,41
8654,2
8655,99
8656,88
8657,58
8658,99
8659,21
8660,73
8661,48
8662,76
8663,61
8664,15
8665,57
8666,21
8667,97
8668,42
8669,38
8670,68
8671,86
8672,27
8673,59
8674,35
8675,24
8676,68
8677,20
8678,57
8679,57
8680,67
8681,66
8682,42
8683,14
8684,49
8685,42
8686,86
8687,89
8688,52
8689,52
8690,35
8691,20
8692,36
8693,86
8694,18
8695,83
8696,37
8697,41
8698,1
8699,39
8700,45
8701,77
8702,95
8703,19
8704,75
8705,13
8706,73
8707,83
8708,45
8709,36
8710,37
8711,79
8712,87
8713,80
8714,96
8715,79
8716,86
8717,20
8718,92
8719,62
8720,41
8721,79
8722,32
8723,96
8724,90
8725,17
8726,92
8727,14
8728,29
8729,62
8730,24
8731,69
8732,56
8733,40
8734,77
8735,96
8736,73
8737,73
8738,84
8739,58
8740,35
8741,99
8742,71
8743,59
8744,41
8745,65
8746,16
8747,88
8748,31
8749,93
8750,53
8751,93
8752,10
8753,19
8754,11
8755,77
8756,8
8757,40
8758,75
8759,77
8760,63
8761,39
8762,63
8763,4
8764,31
8765,49
8766,17
8767,93
8768,47
8769,97
8770,79
8771,37
8772,1
8773,75
8774,7
8775,14
8776,35
8777,25
8778,12
8779,48
8780,79
8781,51
8782,14
8783,85
8784,31
8785,62
8786,79
8787,32
8788,57
8789,47
8790,16
8791,33
8792,99
8793,27
8794,79
8795,18
8796,59
8797,73
8798,72
8799,23
8800,14
8801,89
8802,3
8803,73
8804,53
8805,64
8806,62
8807,55
8808,65
8809,12
8810,66
8811,35
8812,68
8813,65
8814,12
8815,72
8816,63
8817,76
8818,83
8819,21
8820,60
8821,10
8822,85
8823,15
8824,40
8825,51
8826,2
8827,16
8828,4
8829,27
8830,79
8831,9
8832,47
8833,43
8834,56
8835,1
8836,12
8837,15
8838,24
8839,9
8840,19
8841,35
8842,45
8843,91
8844,88
8845,59
8846,49
8847,15
8848,29
8849,26
8850,31
8851,13
8852,54
8853,26
8854,0
8855,45
8856,7
8857,45
8858,91
8859,29
8860,85
8861,13
8862,32
8863,7
8864,78
8865,52
8866,35
8867,24
8868,2
8869,38
8870,69
8871,53
8872,44
8873,44
8874,1
8875,52
8876,18
8877,70
8878,19
8879,79
8880,63
8881,64
8882,79
8883,44
8884,10
8885,47
8886,79
8887,73
8888,58
8889,5
8890,40
8891,10
8892,12
8893,55
8894,35
8895,93
8896,95
8897,6
8898,44
8899,70
8900,75
8901,73
8902,38
8903,78
8904,50
8905,33
8906,40
8907,13
8908,96
8909,83
8910,83
8911,33
8912,40
8913,62
8914,54
8915,85
8916,56
8917,13
8918,45
8919,97
8920,29
8921,25
8922,97
8923,32
8924,26
8925,38
8926,44
8927,81
8928,87
8929,26
8930,24
8931,3
8932,12
8933,2
8934,36
8935,54
8936,5
8937,13
8938,28
8939,21
8940,45
8941,66
8942,57
8943,2
8944,32
8945,36
8946,12
8947,61
8948,16
8949,6
8950,21
8951,97
8952,90
8953,37
8954,48
8955,41
8956,71
8957,13
8958,41
8959,0
8960,96
8961,92
8962,56
8963,73
8964,80
8965,20
8966,81
8967,65
8968,7
8969,28
8970,60
8971,21
8972,97
8973,28
8974,17
8975,31
8976,20
8977,35
8978,99
8979,15
8980,42
8981,69
8982,35
8983,28
8984,7
8985,86
8986,0
8987,99
8988,28
8989,59
8990,52
8991,17
8992,71
8993,73
8994,24
8995,87
8996,28
8997,13
8998,87
8999,10
9000,62
9001,85
9002,90
9003,87
9004,93
9005,42
9006,47
9007,25
9008,74
9009,53
9010,95
9011,27
9012,76
9013,84
9014,26
9015,42
9016,47
9017,98
9018,59
9019,41
9020,96
9021,63
9022,64
9023,41
9024,33
9025,39
9026,96
9027,32
9028,4
9029,49
9030,88
9031,20
9032,1
9033,90
9034,14
9035,60
9036,52
9037,33
9038,23
9039,35
9040,54
9041,51
9042,91
9043,37
9044,37
9045,20
9046,5
9047,59
9048,9
9049,48
9050,87
9051,47
9052,73
9053,98
9054,68
9055,87
9056,53
9057,10
9058,76
9059,73
9060,21
9061,51
9062,51
9063,79
9064,1
9065,71
9066,52
9067,77
9068,12
9069,74
9070,87
9071,26
9072,34
9073,85
9074,39
9075,89
9076,77
9077,21
9078,48
9079,88
9080,89
9081,5
9082,69
9083,54
9084,71
9085,16
9086,73
9087,20
9088,42
9089,26
9090,13
9091,68
9092,4
9093,12
9094,9
9095,59
9096,10
9097,52
9098,26
9099,98
9100,74
9101,0
9102,17
9103,29
9104,16
9105,22
9106,51
9107,93
9108,26
9109,26
9110,87
9111,70
9112,27
9113,98
9114,53
9115,3
9116,49
9117,35
9118,0
9119,25
9120,53
9121,98
9122,7
9123,69
9124,94
9125,2
9126,77
9127,87
9128,90
9129,43
9130,50
9131,89
9132,54
9133,85
9134,35
9135,50
9136,42
9137,54
9138,55
9139,3
9140,89
9141,27
9142,38
9143,58
9144,5
9145,3
9146,93
9147,56
9148,49
9149,95
9150,90
9151,6
9152,7
9153,31
9154,39
9155,4
9156,40
9157,18
9158,45
9159,69
9160,35
9161,1
9162,21
9163,33
9164,73
9165,57
9166,66
9167,61
9168,35
9169,35
9170,1
9171,55
9172,4
9173,49
9174,77
9175,65
9176,3
9177,51
9178,54
9179,76
9180,3
9181,41
9182,68
9183,64
9184,50
9185,17
9186,28
9187,16
9188,44
9189,45
9190,35
9191,19
9192,88
9193,35
9194,56
9195,57
9196,26
9197,80
9198,63
9199,84
9200,35
9201,0
9202,1
9203,77
9204,22
9205,50
9206,17
9207,76
9208,35
9209,22
9210,16
9211,42
9212,18
9213,60
9214,8
9215,67
9216,73
9217,27
9218,69
9219,59
9220,21
9221,97
9222,73
9223,72
9224,44
9225,16
9226,38
9227,31
9228,21
9229,27
9230,12
9231,17
9232,38
9233,80
9234,96
9235,76
9236,12
9237,14
9238,53
9239,19
9240,52
9241,45
9242,99
9243,76
9244,13
9245,52
9246,64
9247,20
9248,41
9249,7
9250,74
9251,87
9252,92
9253,20
9254,65
9255,36
9256,56
9257,23
9258,91
9259,9
9260,38
9261,1
9262,23
9263,32
9264,71
9265,19
9266,26
9267,86
9268,79
9269,64
9270,44
9271,7
9272,36
9273,41
9274,1
9275,17
9276,29
9277,84
9278,68
9279,92
9280,63
9281,85
9282,90
9283,55
9284,49
9285,42
9286,68
9287,13
9288,62
9289,10
9290,99
9291,24
9292,18
9293,24
9294,34
9295,79
9296,13
9297,20
9298,32
9299,7
9300,59
9301,49
9302,98
9303,85
9304,96
9305,14
9306,86
9307,19
9308,53
9309,16
9310,63
9311,58
9312,81
9313,17
9314,33
9315,34
9316,84
9317,35
9318,22
9319,31
9320,36
9321,52
9322,24
9323,68
9324,53
9325,13
9326,39
9327,90
9328,71
9329,7
9330,2
9331,42
9332,42
9333,41
9334,21
9335,40
9336,83
9337,31
9338,31
9339,81
9340,68
9341,32
9342,13
9343,15
9344,4
9345,39
9346,96
9347,84
9348,45
9349,81
9350,49
9351,13
9352,63
9353,86
9354,85
9355,35
9356,10
9357,37
9358,10
9359,93
9360,91
9361,9
9362,74
9363,76
9364,42
9365,64
9366,24
9367,24
9368,15
9369,1
9370,31
9371,50
9372,35
9373,9
9374,38
9375,94
9376,65
9377,43
9378,47
9379,95
9380,95
9381,83
9382,15
9383,87
9384,40
9385,55
9386,4
9387,77
9388,96
9389,41
9390,31
9391,19
9392,50
9393,93
9394,1
9395,39
9396,13
9397,79
9398,26
9399,56
9400,89
9401,7
9402,87
9403,2
9404,19
9405,74
9406,33
9407,94
9408,55
9409,32
9410,83
9411,85
9412,49
9413,70
9414,25
9415,3
9416,81
9417,35
9418,40
9419,68
9420,74
9421,89
9422,62
9423,24
9424,38
9425,97
9426,15
9427,42
9428,95
9429,73
9430,31
9431,81
9432,67
9433,4
9434,92
9435,52
9436,79
9437,73
9438,51
9439,51
9440,94
9441,29
9442,69
9443,20
9444,2
9445,19
9446,73
9447,43
9448,96
9449,75
9450,47
9451,47
9452,42
9453,33
9454,11
9455,86
9456,45
9457,47
9458,44
9459,26
9460,99
9461,8
9462,56
9463,26
9464,35
9465,40
9466,99
9467,12
9468,29
9469,9
9470,3
9471,15
9472,86
9473,87
9474,54
9475,87
9476,40
9477,83
9478,96
9479,10
9480,65
9481,24
9482,28
9483,64
9484,75
9485,7
9486,4
9487,3
9488,16
9489,24
9490,64
9491,15
9492,86
9493,13
9494,26
9495,68
9496,46
9497,32
9498,67
9499,54
9500,91
9501,57
9502,31
9503,27
9504,85
9505,27
9506,67
9507,41
9508,61
9509,86
9510,31
9511,83
9512,35
9513,88
9514,8
9515,58
9516,5
9517,31
9518,25
9519,43
9520,44
9521,73
9522,44
9523,79
9524,85
9525,62
9526,44
9527,69
9528,15
9529,34
9530,68
9531,10
9532,19
9533,25
9534,64
9535,80
9536,71
9537,66
9538,34
9539,15
9540,60
9541,21
9542,55
9543,74
9544,45
9545,84
9546,35
9547,88
9548,7
9549,86
9550,29
9551,65
9552,13
9553,2
9554,53
9555,62
9556,14
9557,35
9558,91
9559,25
9560,26
9561,42
9562,65
9563,94
9564,7
9565,41
9566,28
9567,32
9568,5
9569,29
9570,95
9571,43
9572,88
9573,4
9574,4
9575,10
9576,70
9577,21
9578,84
9579,78
9580,79
9581,68
9582,88
9583,25
9584,3
9585,53
9586,85
9587,90
9588,1
9589,31
9590,75
9591,21
9592,50
9593,63
9594,3
9595,35
9596,73
9597,38
9598,43
9599,58
9600,62
9601,51
9602,74
9603,21
9604,58
9605,74
9606,70
9607,52
9608,55
9609,61
9610,3
9611,62
9612,93
9613,54
9614,66
9615,45
9616,99
9617,86
9618,59
9619,60
9620,42
9621,36
9622,56
9623,69
9624,48
9625,80
9626,57
9627,36
9628,27
9629,88
9630,45
9631,78
9632,50
9633,7
9634,23
9635,60
9636,72
9637,81
9638,38
9639,54
9640,85
9641,73
9642,92
9643,40
9644,2
9645,44
9646,25
9647,48
9648,47
9649,65
9650,13
9651,75
9652,1
9653,84
9654,49
9655,79
9656,40
9657,50
9658,22
9659,75
9660,9
9661,26
9662,58
9663,44
9664,26
9665,0
9666,28
9667,35
9668,89
9669,2
9670,10
9671,45
9672,47
9673,4
9674,22
9675,36
9676,56
9677,27
9678,79
9679,94
9680,71
9681,50
9682,87
9683,99
9684,35
9685,41
9686,37
9687,54
9688,81
9689,34
9690,79
9691,56
9692,7
9693,99
9694,24
9695,65
9696,52
9697,3
9698,10
9699,73
9700,7
9701,94
9702,0
9703,0
9704,50
9705,7
9706,77
9707,76
9708,80
9709,62
9710,16
9711,25
9712,57
9713,49
9714,91
9715,97
9716,49
9717,53
9718,40
9719,51
9720,62
9721,96
9722,16
9723,63
9724,28
9725,54
9726,12
9727,23
9728,50
9729,56
9730,5
9731,14
9732,86
9733,94
9734,77
9735,57
9736,44
9737,24
9738,33
9739,95
9740,86
9741,99
9742,42
9743,68
9744,55
9745,85
9746,20
9747,72
9748,40
9749,40
9750,34
9751,79
9752,94
9753,57
9754,6
9755,67
9756,54
9757,22
9758,83
9759,1
9760,13
9761,59
9762,50
9763,53
9764,53
9765,86
9766,65
9767,96
9768,79
9769,53
9770,22
9771,83
9772,73
9773,59
9774,91
9775,8
9776,38
9777,56
9778,29
9779,84
9780,26
9781,13
9782,12
9783,67
9784,2
9785,41
9786,37
9787,81
9788,52
9789,84
9790,65
9791,9
9792,14
9793,41
9794,52
9795,36
9796,9
9797,41
9798,17
9799,2
9800,95
9801,51
9802,63
9803,5
9804,57
9805,44
9806,89
9807,92
9808,24
9809,7
9810,73
9811,36
9812,18
9813,29
9814,66
9815,73
9816,40
9817,24
9818,10
9819,47
9820,22
9821,35
9822,17
9823,21
9824,90
9825,92
9826,12
9827,40
9828,51
9829,5
9830,43
9831,7
9832,93
9833,65
9834,11
9835,43
9836,33
9837,1
9838,51
9839,1
9840,39
9841,83
9842,40
9843,17
9844,22
9845,71
9846,16
9847,45
9848,23
9849,72
9850,97
9851,73
9852,73
9853,84
9854,32
9855,63
9856,33
9857,29
9858,26
9859,95
9860,81
9861,99
9862,16
9863,77
9864,27
9865,6
9866,40
9867,40
9868,13
9869,95
9870,16
9871,95
9872,77
9873,52
9874,21
9875,38
9876,17
9877,24
9878,58
9879,77
9880,42
9881,0
9882,34
9883,74
9884,84
9885,33
9886,91
9887,53
9888,4
9889,38
9890,90
9891,61
9892,18
9893,12
9894,41
9895,54
9896,12
9897,35
9898,16
9899,18
9900,94
9901,37
9902,73
9903,80
9904,3
9905,45
9906,3
9907,60
9908,40
9909,79
9910,17
9911,3
9912,93
9913,97
9914,36
9915,17
9916,32
9917,9
9918,63
9919,9
9920,39
9921,18
9922,48
9923,51
9924,22
9925,16
9926,36
9927,29
9928,4
9929,67
9930,25
9931,42
9932,41
9933,42
9934,67
9935,65
9936,14
9937,36
9938,28
9939,97
9940,86
9941,96
9942,45
9943,64
9944,33
9945,68
9946,22
9947,17
9948,24
9949,5
9950,76
9951,35
9952,31
9953,3
9954,93
9955,25
9956,84
9957,51
9958,54
9959,15
9960,95
9961,81
9962,69
9963,43
9964,36
9965,7
9966,73
9967,21
9968,73
9969,22
9970,20
9971,29
9972,77
9973,38
9974,45
9975,39
9976,43
9977,12
9978,14
9979,56
9980,68
9981,13
9982,74
9983,48
9984,3
9985,49
9986,63
9987,26
9988,59
9989,81
9990,66
9991,69
9992,40
9993,19
9994,48
9995,47
9996,45
9997,37
9998,29
9999,29
